0.234457743;64.56194719;0.230872021;64.56194719;0.25937851;64.56194719;0.255940209;64.56194719
0.55691033;129.1238944;0.555215071;129.1238944;0.618357423;129.1238944;0.61674019;129.1238944
0.782933646;193.6858416;0.783225106;193.6858416;0.873867576;193.6858416;0.874184263;193.6858416
1.043695666;258.2477888;1.038360857;258.2477888;1.170015787;258.2477888;1.164993561;258.2477888
1.282073161;322.8097359;1.274611899;322.8097359;1.4438051;322.8097359;1.436823346;322.8097359
1.519370075;387.3716831;1.5079647;387.3716831;1.718525382;387.3716831;1.707876979;387.3716831
1.748568333;451.9336303;1.733252421;451.9336303;1.986326093;451.9336303;1.972100138;451.9336303
1.972215482;516.4955775;1.952537958;516.4955775;2.249891363;516.4955775;2.231714959;516.4955775
2.189755894;581.0575247;2.165492344;581.0575247;2.508502718;581.0575247;2.48621976;581.0575247
2.401593932;645.6194719;2.372487388;645.6194719;2.762507339;645.6194719;2.735928554;645.6194719
2.607825541;710.1814191;2.573646265;710.1814191;3.011921717;710.1814191;2.980882008;710.1814191
2.808627103;774.7433663;2.769144246;774.7433663;3.256858454;774.7433663;3.221189534;774.7433663
3.004139301;839.3053134;2.959124538;839.3053134;3.497397692;839.3053134;3.456931415;839.3053134
3.194502654;903.8672606;3.143727622;903.8672606;3.733625487;903.8672606;3.688191288;903.8672606
3.379847955;968.4292078;3.323085539;968.4292078;3.96562267;968.4292078;3.915048816;968.4292078
3.560299893;1032.991155;3.497325501;1032.991155;4.193468277;1032.991155;4.137583236;1032.991155
3.735976749;1097.553102;3.666570142;1097.553102;4.417238736;1097.553102;4.355873138;1097.553102
3.906991152;1162.115049;3.830938314;1162.115049;4.63700827;1162.115049;4.569996927;1162.115049
4.073450465;1226.676997;3.990545435;1226.676997;4.852848943;1226.676997;4.780032821;1226.676997
4.235457219;1291.238944;4.145503822;1291.238944;5.064830801;1291.238944;4.986058839;1291.238944
4.393109474;1355.800891;4.295922907;1355.800891;5.273021975;1355.800891;5.188152696;1355.800891
4.546501158;1420.362838;4.441909432;1420.362838;5.477488781;1420.362838;5.386391699;1420.362838
4.695722374;1484.924785;4.583567605;1484.924785;5.678295824;1484.924785;5.580852635;1484.924785
4.840859664;1549.486733;4.720999231;1549.486733;5.875506077;1549.486733;5.771611667;1549.486733
4.981996299;1614.04868;4.854303885;1614.04868;6.069180973;1614.04868;5.958744245;1614.04868
5.119212353;1678.610627;4.983578866;1678.610627;6.259380482;1678.610627;6.142325039;1678.610627
5.252585519;1743.172574;5.108919955;1743.172574;6.446163181;1743.172574;6.322427877;1743.172574
5.382188935;1807.734521;5.230418689;1807.734521;6.629586326;1807.734521;6.499125714;1807.734521
5.50810052;1872.296468;5.348173166;1872.296468;6.809705915;1872.296468;6.672490597;1872.296468
5.630378603;1936.858416;5.462260802;1936.858416;6.986576752;1936.858416;6.842593648;1936.858416
5.749098858;2001.420363;5.572778224;2001.420363;7.160252498;2001.420363;7.009505061;2001.420363
5.864330651;2065.98231;5.679815666;2065.98231;7.330785734;2065.98231;7.173294091;2065.98231
5.976128279;2130.544257;5.783447924;2130.544257;7.498228001;2130.544257;7.334029067;2130.544257
6.084559894;2195.106204;5.88376544;2195.106204;7.662629858;2195.106204;7.49177739;2195.106204
6.189681919;2259.668152;5.980845744;2259.668152;7.824040918;2259.668152;7.646605548;2259.668152
6.291555864;2324.230099;6.074772451;2324.230099;7.982509898;2324.230099;7.798579121;2324.230099
6.390236386;2388.792046;6.165621842;2388.792046;8.138084655;2388.792046;7.947762798;2388.792046
6.485780092;2453.353993;6.253472584;2453.353993;8.290812227;2453.353993;8.094220381;2453.353993
6.57824085;2517.91594;6.338400339;2517.91594;8.440738865;2517.91594;8.238014802;2517.91594
6.667671627;2582.477888;6.420479834;2582.477888;8.587910073;2582.477888;8.379208128;2582.477888
6.754124074;2647.039835;6.499784319;2647.039835;8.732370633;2647.039835;8.517861576;2647.039835
6.837648726;2711.601782;6.576385722;2711.601782;8.874164646;2711.601782;8.654035522;2711.601782
6.918295018;2776.163729;6.65035461;2776.163729;9.013335541;2776.163729;8.787789495;2776.163729
6.996111347;2840.725676;6.7217602;2840.725676;9.149926178;2840.725676;8.919182284;2840.725676
7.071145195;2905.287623;6.790670452;2905.287623;9.283978566;2905.287623;9.048271556;2905.287623
7.143443003;2969.849571;6.857151886;2969.849571;9.415535099;2969.849571;9.175115209;2969.849571
7.213050108;3034.411518;6.921269358;3034.411518;9.544633933;3034.411518;9.299765963;3034.411518
7.280012796;3098.973465;6.983088615;3098.973465;9.671326747;3098.973465;9.422292174;3098.973465
7.344371865;3163.535412;7.042668592;3163.535412;9.795632277;3163.535412;9.542725279;3163.535412
7.406174266;3228.097359;7.100074866;3228.097359;9.917601479;3228.097359;9.661131044;3228.097359
7.465461577;3292.659307;7.155366659;3292.659307;10.03729188;3292.659307;9.77758255;3292.659307
7.522269189;3357.221254;7.208595294;3357.221254;10.1547118;3357.221254;9.892099394;3357.221254
7.576648975;3421.783201;7.25982977;3421.783201;10.26990857;3421.783201;10.00474354;3421.783201
7.62864298;3486.345148;7.309129284;3486.345148;10.38293293;3486.345148;10.11557925;3486.345148
7.678266623;3550.907095;7.356521218;3550.907095;10.4938121;3550.907095;10.22464535;3550.907095
7.725583613;3615.469043;7.402086343;3615.469043;10.60257871;3615.469043;10.33198662;3615.469043
7.77063771;3680.03099;7.445881866;3680.03099;10.70927891;3680.03099;10.43766195;3680.03099
7.813445551;3744.592937;7.487935361;3744.592937;10.81394541;3744.592937;10.54171486;3744.592937
7.85405792;3809.154884;7.528313137;3809.154884;10.91661174;3809.154884;10.64418988;3809.154884
7.89250861;3873.716831;7.567059395;3873.716831;11.01731606;3873.716831;10.74513608;3873.716831
7.928835467;3938.278778;7.604223723;3938.278778;11.11609338;3938.278778;10.8445985;3938.278778
7.963074678;4002.840726;7.639852748;4002.840726;11.21297809;4002.840726;10.94262124;4002.840726
7.995262354;4067.402673;7.673992678;4067.402673;11.30800574;4067.402673;11.03924926;4067.402673
8.025434123;4131.96462;7.706688591;4131.96462;11.40121016;4131.96462;11.13452514;4131.96462
8.053625262;4196.526567;7.737984637;4196.526567;11.49262603;4196.526567;11.2284921;4196.526567
8.079870684;4261.088514;7.767924014;4261.088514;11.58228708;4261.088514;11.32119175;4261.088514
8.104204961;4325.650462;7.796549022;4325.650462;11.67022716;4325.650462;11.41266552;4325.650462
8.126662338;4390.212409;7.823901081;4390.212409;11.75647977;4390.212409;11.50295391;4390.212409
8.14727675;4454.774356;7.85002077;4454.774356;11.84107821;4454.774356;11.59209685;4454.774356
8.166081833;4519.336303;7.874947847;4519.336303;11.92405558;4519.336303;11.68013353;4519.336303
8.18311094;4583.89825;7.89872128;4583.89825;12.00544479;4583.89825;11.76710249;4583.89825
8.198397152;4648.460198;7.921379272;4648.460198;12.08527854;4648.460198;11.85304163;4648.460198
8.211973293;4713.022145;7.942959281;4713.022145;12.1635894;4713.022145;11.93798819;4713.022145
8.223871941;4777.584092;7.963498046;4777.584092;12.24040971;4777.584092;12.02197871;4777.584092
8.234125439;4842.146039;7.983031601;4842.146039;12.31577159;4842.146039;12.10504902;4842.146039
8.242765908;4906.707986;8.001595297;4906.707986;12.3897074;4906.707986;12.1872348;4906.707986
8.249825256;4971.269934;8.019223817;4971.269934;12.462248;4971.269934;12.26856939;4971.269934
8.255335188;5035.831881;8.035951188;5035.831881;12.53342727;5035.831881;12.34908929;5035.831881
8.259327219;5100.393828;8.05181079;5100.393828;12.60327443;5100.393828;12.42882505;5100.393828
8.261832681;5164.955775;8.066835371;5164.955775;12.671822;5164.955775;12.50781069;5164.955775
8.262882735;5229.517722;8.081057048;5229.517722;12.73910179;5229.517722;12.58607823;5229.517722
8.262508376;5294.079669;8.094507314;5294.079669;12.80514839;5294.079669;12.66366364;5294.079669
8.260740447;5358.641617;8.107217041;5358.641617;12.86998189;5358.641617;12.74058469;5358.641617
8.257609644;5423.203564;8.119216481;5423.203564;12.93364721;5423.203564;12.81688776;5423.203564
8.253146526;5487.765511;8.130535264;5487.765511;12.99616719;5487.765511;12.89259259;5487.765511
8.247381522;5552.327458;8.141202395;5552.327458;13.0575736;5552.327458;12.96772981;5552.327458
8.24034494;5616.889405;8.15124625;5616.889405;13.11789874;5616.889405;13.04232963;5616.889405
8.232066974;5681.451353;8.160694572;5681.451353;13.17716808;5681.451353;13.11641281;5681.451353
8.222577713;5746.0133;8.169574464;5746.0133;13.23542801;5746.0133;13.19002384;5746.0133
8.211907144;5810.575247;8.177912379;5810.575247;13.29269874;5810.575247;13.26317992;5810.575247
8.200085164;5875.137194;8.185734114;5875.137194;13.34898881;5875.137194;13.33587977;5875.137194
8.187141586;5939.699141;8.193064803;5939.699141;13.40437821;5939.699141;13.4082089;5939.699141
8.173106142;6004.261089;8.199928902;6004.261089;13.45883579;6004.261089;13.48011448;6004.261089
8.158008495;6068.823036;8.206350188;6068.823036;13.51247043;6068.823036;13.55171669;6068.823036
8.141878242;6133.384983;8.212351743;6133.384983;13.56523398;6133.384983;13.62294587;6133.384983
8.124744921;6197.94693;8.217955952;6197.94693;13.61719441;6197.94693;13.69387037;6197.94693
8.106638017;6262.508877;8.22318449;6262.508877;13.66840151;6262.508877;13.76453557;6262.508877
8.087586969;6327.070824;8.228058318;6327.070824;13.71881693;6327.070824;13.83487951;6327.070824
8.067621177;6391.632772;8.23259768;6391.632772;13.76857657;6391.632772;13.90504966;6391.632772
8.046770005;6456.194719;8.236822092;6456.194719;13.81761423;6456.194719;13.97495084;6456.194719
8.025062787;6520.756666;8.240750346;6520.756666;13.86600739;6520.756666;14.04466484;6520.756666
8.002528836;6585.318613;8.244400507;6585.318613;13.91377372;6585.318613;14.11419177;6585.318613
7.979197447;6649.88056;8.247789913;6649.88056;13.96094709;6649.88056;14.18355682;6649.88056
7.955097902;6714.442508;8.250935177;6714.442508;14.00755702;6714.442508;14.2527771;6714.442508
7.930259479;6779.004455;8.253852196;6779.004455;14.05363421;6779.004455;14.32187147;6779.004455
7.904711451;6843.566402;8.256556156;6843.566402;14.09920911;6843.566402;14.39085784;6843.566402
7.878483098;6908.128349;8.259061543;6908.128349;14.14431226;6908.128349;14.45975383;6908.128349
7.851603709;6972.690296;8.261382154;6972.690296;14.18897421;6972.690296;14.52857661;6972.690296
7.824102586;7037.252244;8.263531116;7037.252244;14.2332256;7037.252244;14.59734295;7037.252244
7.796009052;7101.814191;8.265520897;7101.814191;14.27709707;7101.814191;14.66606928;7101.814191
7.767352454;7166.376138;8.267363335;7166.376138;14.32061934;7166.376138;14.73477167;7166.376138
7.738162169;7230.938085;8.269069654;7230.938085;14.36382318;7230.938085;14.8034659;7230.938085
7.70846761;7295.500032;8.270650495;7295.500032;14.40673942;7295.500032;14.87216747;7295.500032
7.678298227;7360.061979;8.272115942;7360.061979;14.44939897;7360.061979;14.9408916;7360.061979
7.647683515;7424.623927;8.273475551;7424.623927;14.4918328;7424.623927;15.00965331;7424.623927
7.616653021;7489.185874;8.274738389;7489.185874;14.53407195;7489.185874;15.0784674;7489.185874
7.585236344;7553.747821;8.275913067;7553.747821;14.57614756;7553.747821;15.14734851;7553.747821
7.553463141;7618.309768;8.277007777;7618.309768;14.61809085;7618.309768;15.21631116;7618.309768
7.521363136;7682.871715;8.278030339;7682.871715;14.65993313;7682.871715;15.28536975;7682.871715
7.488966119;7747.433663;8.278988234;7747.433663;14.70170579;7747.433663;15.35453862;7747.433663
7.456301955;7811.99561;8.279888658;7811.99561;14.74344035;7811.99561;15.42383204;7811.99561
7.423400585;7876.557557;8.280738564;7876.557557;14.78516841;7876.557557;15.49326433;7876.557557
7.390292035;7941.119504;8.281544711;7941.119504;14.82692168;7941.119504;15.56284981;7941.119504
7.357006418;8005.681451;8.282313716;8005.681451;14.86873201;8005.681451;15.63260286;8005.681451
7.323573938;8070.243399;8.2830521;8070.243399;14.91063135;8070.243399;15.70253799;8070.243399
7.290024897;8134.805346;8.283766345;8134.805346;14.95265177;8134.805346;15.77266982;8134.805346
7.2563897;8199.367293;8.284462946;8199.367293;14.99482548;8199.367293;15.84301315;8199.367293
7.222698855;8263.92924;8.285148462;8263.92924;15.03718481;8263.92924;15.91358301;8263.92924
7.188982984;8328.491187;8.285829573;8328.491187;15.07976224;8328.491187;15.98439465;8328.491187
7.155272823;8393.053134;8.286513133;8393.053134;15.1225904;8393.053134;16.0554636;8393.053134
7.121599231;8457.615082;8.287206226;8457.615082;15.16570204;8457.615082;16.12680572;8457.615082
7.08799319;8522.177029;8.287916216;8522.177029;15.2091301;8522.177029;16.1984372;8522.177029
7.054485812;8586.738976;8.288650807;8586.738976;15.25290765;8586.738976;16.27037463;8586.738976
7.021108345;8651.300923;8.289418091;8651.300923;15.29706792;8651.300923;16.34263498;8651.300923
6.987892176;8715.86287;8.290226601;8715.86287;15.34164433;8715.86287;16.4152357;8715.86287
6.954868837;8780.424818;8.291085368;8780.424818;15.38667047;8780.424818;16.48819471;8780.424818
6.922070008;8844.986765;8.292003961;8844.986765;15.43218007;8844.986765;16.56153043;8844.986765
6.889527525;8909.548712;8.292992548;8909.548712;15.4782071;8909.548712;16.63526182;8909.548712
6.857273382;8974.110659;8.294061932;8974.110659;15.52478568;8974.110659;16.7094084;8974.110659
6.825339735;9038.672606;8.295223604;9038.672606;15.57195012;9038.672606;16.78399028;9038.672606
6.793758912;9103.234554;8.296489784;9103.234554;15.61973495;9103.234554;16.8590282;9103.234554
6.762563414;9167.796501;8.297873463;9167.796501;15.6681749;9167.796501;16.93454354;9167.796501
6.731785919;9232.358448;8.299388441;9232.358448;15.71730489;9232.358448;17.01055832;9232.358448
6.701459291;9296.920395;8.301049369;9296.920395;15.76716007;9296.920395;17.08709528;9296.920395
6.671616581;9361.482342;8.302871779;9361.482342;15.8177758;9361.482342;17.16417785;9361.482342
6.642291037;9426.04429;8.304872118;9426.04429;15.86918767;9426.04429;17.24183016;9426.04429
6.613516102;9490.606237;8.307067778;9490.606237;15.92143151;9490.606237;17.32007713;9490.606237
6.585325428;9555.168184;8.309477126;9555.168184;15.97454336;9555.168184;17.39894439;9555.168184
6.557752874;9619.730131;8.312119523;9619.730131;16.02855953;9619.730131;17.47845838;9619.730131
6.530832514;9684.292078;8.315015353;9684.292078;16.08351656;9684.292078;17.55864628;9684.292078
6.504598643;9748.854025;8.318186035;9748.854025;16.13945124;9748.854025;17.6395361;9748.854025
6.479085782;9813.415973;8.321654047;9813.415973;16.19640062;9813.415973;17.72115664;9813.415973
6.454328685;9877.97792;8.325442933;9877.97792;16.25440203;9877.97792;17.8035375;9877.97792
6.430362338;9942.539867;8.329577318;9942.539867;16.31349306;9942.539867;17.8867091;9942.539867
6.407221974;10007.10181;8.334082918;10007.10181;16.37371156;10007.10181;17.97070268;10007.10181
6.384943073;10071.66376;8.338986541;10071.66376;16.43509569;10071.66376;18.05555032;10071.66376
6.363561367;10136.22571;8.344316093;10136.22571;16.49768388;10136.22571;18.1412849;10136.22571
6.343112849;10200.78766;8.350100581;10200.78766;16.56151486;10200.78766;18.22794014;10200.78766
6.323633778;10265.3496;8.356370105;10265.3496;16.62662766;10265.3496;18.31555058;10265.3496
6.305160683;10329.91155;8.363155862;10329.91155;16.69306162;10329.91155;18.40415158;10329.91155
6.287730372;10394.4735;8.370490134;10394.4735;16.76085639;10394.4735;18.49377933;10394.4735
6.271379933;10459.03544;8.378406279;10459.03544;16.83005194;10459.03544;18.58447081;10459.03544
6.256146749;10523.59739;8.386938725;10523.59739;16.90068857;10523.59739;18.67626384;10523.59739
6.242068493;10588.15934;8.396122956;10588.15934;16.97280692;10588.15934;18.76919703;10588.15934
6.229183145;10652.72129;8.405995493;10652.72129;17.04644794;10652.72129;18.86330977;10652.72129
6.21752899;10717.28323;8.416593887;10717.28323;17.12165298;10717.28323;18.95864225;10717.28323
6.20714463;10781.84518;8.427956693;10781.84518;17.19846368;10781.84518;19.05523545;10781.84518
6.198068988;10846.40713;8.440123458;10846.40713;17.27692211;10846.40713;19.1531311;10846.40713
6.190341315;10910.96907;8.453134696;10910.96907;17.35707065;10910.96907;19.25237171;10910.96907
6.184001197;10975.53102;8.467031871;10975.53102;17.43895208;10975.53102;19.35300051;10975.53102
6.179088563;11040.09297;8.481857373;11040.09297;17.52260958;11040.09297;19.45506149;11040.09297
6.17564369;11104.65492;8.497654495;11104.65492;17.60808669;11104.65492;19.55859938;11104.65492
6.173707211;11169.21686;8.514467413;11169.21686;17.69542737;11169.21686;19.66365959;11169.21686
6.173320121;11233.77881;8.532341157;11233.77881;17.78467598;11233.77881;19.77028828;11233.77881
6.174523787;11298.34076;8.551321595;11298.34076;17.87587729;11298.34076;19.87853227;11298.34076
6.177359955;11362.90271;8.571455402;11362.90271;17.96907649;11362.90271;19.98843909;11362.90271
6.181870752;11427.46465;8.592790039;11427.46465;18.06431923;11427.46465;20.10005693;11427.46465
6.188098702;11492.0266;8.615373729;11492.0266;18.16165155;11492.0266;20.21343466;11492.0266
6.196086728;11556.58855;8.639255437;11556.58855;18.26111998;11556.58855;20.32862178;11556.58855
6.205878161;11621.15049;8.664484841;11621.15049;18.36277148;11621.15049;20.44566847;11621.15049
6.21751675;11685.71244;8.691112316;11685.71244;18.46665349;11685.71244;20.56462552;11685.71244
6.231046668;11750.27439;8.719188907;11750.27439;18.57281391;11750.27439;20.68554437;11750.27439
6.246512521;11814.83634;8.748766316;11814.83634;18.68130114;11814.83634;20.80847706;11814.83634
6.263959356;11879.39828;8.779896873;11879.39828;18.79216406;11879.39828;20.93347627;11879.39828
6.283432671;11943.96023;8.812633526;11943.96023;18.90545204;11943.96023;21.06059528;11943.96023
6.304978421;12008.52218;8.847029821;12008.52218;19.02121499;12008.52218;21.18988797;12008.52218
6.328643029;12073.08412;8.883139882;12073.08412;19.13950331;12073.08412;21.32140882;12073.08412
6.354473396;12137.64607;8.921018403;12137.64607;19.26036795;12137.64607;21.45521293;12137.64607
6.382516907;12202.20802;8.96072063;12202.20802;19.38386039;12202.20802;21.59135596;12202.20802
6.412821441;12266.76997;9.00230235;12266.76997;19.51003267;12266.76997;21.7298942;12266.76997
6.445435383;12331.33191;9.045819883;12331.33191;19.63893738;12331.33191;21.8708845;12331.33191
6.480407633;12395.89386;9.09133007;12395.89386;19.77062768;12395.89386;22.01438432;12395.89386
6.517787612;12460.45581;9.138890265;12460.45581;19.90515732;12460.45581;22.16045173;12460.45581
6.557625276;12525.01775;9.188558334;12525.01775;20.04258064;12525.01775;22.30914537;12525.01775
6.599971125;12589.5797;9.240392645;12589.5797;20.18295259;12589.5797;22.46052449;12589.5797
6.644876214;12654.14165;9.294452068;12654.14165;20.32632872;12654.14165;22.61464896;12654.14165
6.692392162;12718.7036;9.350795972;12718.7036;20.47276521;12718.7036;22.77157923;12718.7036
6.742571164;12783.26554;9.409484225;12783.26554;20.62231889;12783.26554;22.93137638;12783.26554
6.795466001;12847.82749;9.470577196;12847.82749;20.77504723;12847.82749;23.09410213;12847.82749
6.851130051;12912.38944;9.534135758;12912.38944;20.93100838;12912.38944;23.25981879;12912.38944
6.909617303;12976.95138;9.60022129;12976.95138;21.09026113;12976.95138;23.42858935;12976.95138
6.970982366;13041.51333;9.668895681;13041.51333;21.252865;13041.51333;23.60047741;13041.51333
7.035280479;13106.07528;9.740221341;13106.07528;21.41888017;13106.07528;23.77554725;13106.07528
7.102567529;13170.63723;9.814261203;13170.63723;21.58836756;13170.63723;23.9538638;13170.63723
7.172900056;13235.19917;9.891078734;13235.19917;21.76138882;13235.19917;24.13549269;13235.19917
7.246335272;13299.76112;9.970737942;13299.76112;21.93800632;13299.76112;24.32050022;13299.76112
7.322931068;13364.32307;10.05330339;13364.32307;22.1182832;13364.32307;24.50895339;13364.32307
7.402746032;13428.88502;10.13884021;13428.88502;22.30228336;13428.88502;24.70091992;13428.88502
7.48583946;13493.44696;10.22741409;13493.44696;22.49007149;13493.44696;24.89646827;13493.44696
7.572271367;13558.00891;10.31909132;13558.00891;22.68171309;13558.00891;25.09566763;13558.00891
7.662102505;13622.57086;10.4139388;13622.57086;22.87727444;13622.57086;25.29858793;13622.57086
7.755394376;13687.1328;10.51202402;13687.1328;23.07682268;13687.1328;25.5052999;13687.1328
7.852209243;13751.69475;10.61341513;13751.69475;23.28042577;13751.69475;25.71587504;13751.69475
7.952610148;13816.2567;10.71818088;13816.2567;23.48815257;13816.2567;25.93038564;13816.2567
8.056660928;13880.81865;10.82639073;13880.81865;23.70007276;13880.81865;26.14890484;13880.81865
8.164426226;13945.38059;10.93811477;13945.38059;23.91625696;13945.38059;26.37150659;13945.38059
8.275971508;14009.94254;11.0534238;14009.94254;24.13677668;14009.94254;26.59826569;14009.94254
8.391363082;14074.50449;11.17238934;14074.50449;24.36170437;14074.50449;26.82925782;14074.50449
8.510668109;14139.06643;11.29508362;14139.06643;24.5911134;14139.06643;27.06455953;14139.06643
8.633954625;14203.62838;11.4215796;14203.62838;24.82507813;14203.62838;27.3042483;14203.62838
8.761291552;14268.19033;11.55195103;14268.19033;25.0636739;14268.19033;27.5484025;14268.19033
8.892748719;14332.75228;11.68627241;14332.75228;25.30697703;14332.75228;27.79710147;14332.75228
9.02839688;14397.31422;11.82461906;14397.31422;25.55506488;14397.31422;28.05042549;14397.31422
9.168307729;14461.87617;11.96706711;14461.87617;25.80801585;14461.87617;28.30845584;14461.87617
9.312553921;14526.43812;12.11369351;14526.43812;26.06590938;14526.43812;28.57127478;14526.43812
9.461209088;14591.00006;12.26457609;14591.00006;26.32882602;14591.00006;28.83896561;14591.00006
9.614347862;14655.56201;12.41979354;14655.56201;26.59684739;14655.56201;29.11161266;14655.56201
9.77204589;14720.12396;12.57942547;14720.12396;26.87005626;14720.12396;29.38930134;14720.12396
9.934379856;14784.68591;12.74355239;14784.68591;27.14853653;14784.68591;29.67211813;14784.68591
10.1014275;14849.24785;12.91225575;14849.24785;27.43237327;14849.24785;29.96015063;14849.24785
10.27326765;14913.8098;13.08561798;14913.8098;27.72165274;14913.8098;30.25348756;14913.8098
10.44998022;14978.37175;13.2637225;14978.37175;28.01646241;14978.37175;30.55221883;14978.37175
10.63164625;15042.93369;13.44665372;15042.93369;28.31689099;15042.93369;30.85643548;15042.93369
10.81834793;15107.49564;13.6344971;15107.49564;28.62302847;15107.49564;31.1662298;15107.49564
11.01016861;15172.05759;13.82733917;15172.05759;28.93496608;15172.05759;31.48169529;15172.05759
11.20719282;15236.61954;14.02526752;15236.61954;29.25279642;15236.61954;31.80292672;15236.61954
11.40950632;15301.18148;14.22837089;15301.18148;29.57661337;15301.18148;32.13002013;15301.18148
11.6171961;15365.74343;14.43673912;15365.74343;29.90651223;15365.74343;32.46307287;15365.74343
11.83035042;15430.30538;14.65046324;15430.30538;30.24258966;15430.30538;32.80218365;15430.30538
12.04905881;15494.86733;14.86963546;15494.86733;30.58494373;15494.86733;33.14745253;15494.86733
12.27341212;15559.42927;15.09434923;15559.42927;30.93367399;15559.42927;33.49898097;15559.42927
12.50350255;15623.99122;15.32469922;15623.99122;31.28888144;15623.99122;33.85687187;15623.99122
12.73942366;15688.55317;15.56078141;15688.55317;31.65066861;15688.55317;34.22122956;15688.55317
12.9812704;15753.11511;15.80269307;15753.11511;32.01913956;15753.11511;34.5921599;15753.11511
13.22913916;15817.67706;16.05053283;15817.67706;32.3943999;15817.67706;34.96977022;15817.67706
13.48312777;15882.23901;16.30440067;15882.23901;32.77655688;15882.23901;35.35416945;15882.23901
13.74333553;15946.80096;16.564398;15946.80096;33.16571934;15946.80096;35.74546809;15946.80096
14.00986329;16011.3629;16.83062763;16011.3629;33.56199783;16011.3629;36.14377825;16011.3629
14.28281339;16075.92485;17.10319388;16075.92485;33.96550457;16075.92485;36.54921371;16075.92485
14.56228981;16140.4868;17.38220254;16140.4868;34.37635354;16140.4868;36.96188994;16140.4868
14.84839808;16205.04874;17.66776097;16205.04874;34.79466047;16205.04874;37.38192414;16205.04874
15.14124542;16269.61069;17.95997808;16269.61069;35.22054291;16269.61069;37.80943527;16269.61069
15.44094068;16334.17264;18.2589644;16334.17264;35.65412028;16334.17264;38.24454411;16334.17264
15.74759447;16398.73459;18.5648321;16398.73459;36.09551384;16398.73459;38.68737326;16398.73459
16.06131911;16463.29653;18.87769506;16463.29653;36.54484683;16463.29653;39.13804724;16463.29653
16.38222873;16527.85848;19.19766885;16527.85848;37.0022444;16527.85848;39.59669246;16527.85848
16.71043926;16592.42043;19.52487082;16592.42043;37.46783376;16592.42043;40.06343731;16592.42043
17.04606851;16656.98237;19.85942013;16656.98237;37.94174414;16656.98237;40.53841222;16656.98237
17.38923618;16721.54432;20.20143778;16721.54432;38.42410687;16721.54432;41.02174962;16721.54432
17.74006392;16786.10627;20.55104664;16786.10627;38.91505542;16786.10627;41.5135841;16786.10627
18.09867536;16850.66822;20.90837154;16850.66822;39.41472545;16850.66822;42.01405236;16850.66822
18.46519615;16915.23016;21.27353926;16915.23016;39.92325485;16915.23016;42.5232933;16915.23016
18.83975402;16979.79211;21.64667861;16979.79211;40.44078377;16979.79211;43.04144808;16979.79211
19.2224788;17044.35406;22.02792046;17044.35406;40.96745473;17044.35406;43.56866014;17044.35406
19.6135025;17108.916;22.41739781;17108.916;41.50341259;17108.916;44.10507527;17108.916
20.01295932;17173.47795;22.8152458;17173.47795;42.04880467;17173.47795;44.65084166;17173.47795
20.42098573;17238.0399;23.22160178;17238.0399;42.60378075;17238.0399;45.20610994;17238.0399
20.8377205;17302.60185;23.63660539;17302.60185;43.16849318;17302.60185;45.77103327;17302.60185
21.26330476;17367.16379;24.06039855;17367.16379;43.74309689;17367.16379;46.34576734;17367.16379
21.69788205;17431.72574;24.49312558;17431.72574;44.32774945;17431.72574;46.93047049;17431.72574
22.14159836;17496.28769;24.93493318;17496.28769;44.92261117;17496.28769;47.52530374;17496.28769
22.59460223;17560.84964;25.38597057;17560.84964;45.52784511;17560.84964;48.13043084;17560.84964
23.05704473;17625.41158;25.84638948;17625.41158;46.14361718;17625.41158;48.74601833;17625.41158
23.5290796;17689.97353;26.31634425;17689.97353;46.77009618;17689.97353;49.37223567;17689.97353
24.01086326;17754.53548;26.79599186;17754.53548;47.40745389;17754.53548;50.00925519;17754.53548
24.50255487;17819.09742;27.28549202;17819.09742;48.0558651;17819.09742;50.65725229;17819.09742
25.00431644;17883.65937;27.78500721;17883.65937;48.71550771;17883.65937;51.31640538;17883.65937
25.51631283;17948.22132;28.29470276;17948.22132;49.3865628;17948.22132;51.98689605;17948.22132
26.03871185;18012.78327;28.81474692;18012.78327;50.06921469;18012.78327;52.66890911;18012.78327
26.57168435;18077.34521;29.34531092;18077.34521;50.76365101;18077.34521;53.36263265;18077.34521
27.11540424;18141.90716;29.88656902;18141.90716;51.47006281;18141.90716;54.06825812;18141.90716
27.67004859;18206.46911;30.43869864;18206.46911;52.18864458;18206.46911;54.78598044;18206.46911
28.23579771;18271.03105;31.00188038;18271.03105;52.91959441;18271.03105;55.51599805;18271.03105
28.81283521;18335.593;31.57629811;18335.593;53.66311399;18335.593;56.25851301;18335.593
29.40134809;18400.15495;32.16213907;18400.15495;54.41940876;18400.15495;57.01373108;18400.15495
30.00152682;18464.7169;32.75959393;18464.7169;55.18868797;18464.7169;57.7818618;18464.7169
30.6135654;18529.27884;33.36885688;18529.27884;55.97116477;18529.27884;58.56311861;18529.27884
31.23766147;18593.84079;33.99012571;18593.84079;56.76705631;18593.84079;59.3577189;18593.84079
31.8740164;18658.40274;34.62360189;18658.40274;57.57658385;18658.40274;60.16588416;18658.40274
32.52283535;18722.96468;35.26949071;18722.96468;58.3999728;18722.96468;60.98784001;18722.96468
33.18432739;18787.52663;35.92800129;18787.52663;59.23745292;18787.52663;61.82381638;18787.52663
33.85870561;18852.08858;36.59934675;18852.08858;60.08925832;18852.08858;62.67404756;18852.08858
34.54618714;18916.65053;37.28374426;18916.65053;60.95562765;18916.65053;63.53877231;18916.65053
35.24699335;18981.21247;37.98141518;18981.21247;61.83680415;18981.21247;64.41823402;18981.21247
35.96134989;19045.77442;38.69258512;19045.77442;62.73303581;19045.77442;65.31268075;19045.77442
36.68948682;19110.33637;39.41748408;19110.33637;63.64457546;19110.33637;66.22236541;19110.33637
37.43163871;19174.89831;40.15634656;19174.89831;64.57168089;19174.89831;67.14754585;19174.89831
38.18804475;19239.46026;40.90941165;19239.46026;65.51461499;19239.46026;68.08848498;19239.46026
38.95894888;19304.02221;41.67692317;19304.02221;66.47364588;19304.02221;69.04545095;19304.02221
39.7445999;19368.58416;42.45912976;19368.58416;67.449047;19368.58416;70.01871718;19368.58416
40.5452516;19433.1461;43.25628505;19433.1461;68.44109731;19433.1461;71.00856262;19433.1461
41.36116288;19497.70805;44.06864775;19497.70805;69.45008139;19497.70805;72.01527177;19497.70805
42.19259788;19562.27;44.89648178;19562.27;70.47628957;19562.27;73.03913493;19562.27
43.03982613;19626.83195;45.74005645;19626.83195;71.52001811;19626.83195;74.08044828;19626.83195
43.90312266;19691.39389;46.59964654;19691.39389;72.58156936;19691.39389;75.13951405;19691.39389
44.78276817;19755.95584;47.47553248;19755.95584;73.66125187;19755.95584;76.21664068;19755.95584
45.67904918;19820.51779;48.36800048;19820.51779;74.75938061;19820.51779;77.312143;19820.51779
46.59225814;19885.07973;49.27734271;19885.07973;75.87627709;19885.07973;78.42634237;19885.07973
47.52269366;19949.64168;50.20385743;19949.64168;77.01226955;19949.64168;79.55956687;19949.64168
48.47066059;20014.20363;51.14784916;20014.20363;78.16769317;20014.20363;80.71215148;20014.20363
49.43647026;20078.76558;52.10962886;20078.76558;79.3428902;20078.76558;81.88443825;20078.76558
50.42044061;20143.32752;53.08951408;20143.32752;80.53821017;20143.32752;83.0767765;20143.32752
51.42289636;20207.88947;54.08782916;20207.88947;81.75401012;20207.88947;84.28952301;20207.88947
52.44416925;20272.45142;55.1049054;20272.45142;82.99065474;20272.45142;85.52304226;20272.45142
53.48459816;20337.01336;56.14108125;20337.01336;84.24851664;20337.01336;86.77770656;20337.01336
54.54452935;20401.57531;57.19670255;20401.57531;85.52797653;20401.57531;88.05389635;20401.57531
55.62431666;20466.13726;58.27212264;20466.13726;86.82942345;20466.13726;89.35200036;20466.13726
56.7243217;20530.69921;59.36770266;20530.69921;88.15325499;20530.69921;90.6724159;20530.69921
57.84491408;20595.26115;60.48381173;20595.26115;89.49987755;20595.26115;92.01554903;20595.26115
58.98647164;20659.8231;61.62082717;20659.8231;90.86970658;20659.8231;93.38181485;20659.8231
60.14938064;20724.38505;62.77913472;20724.38505;92.26316683;20724.38505;94.77163777;20724.38505
61.33403607;20788.94699;63.95912882;20788.94699;93.6806926;20788.94699;96.18545171;20788.94699
62.54084184;20853.50894;65.16121282;20853.50894;95.12272802;20853.50894;97.62370044;20853.50894
63.77021103;20918.07089;66.38579925;20918.07089;96.58972734;20918.07089;99.08683781;20918.07089
65.02256622;20982.63284;67.63331008;20982.63284;98.08215523;20982.63284;100.5753281;20982.63284
66.29833968;21047.19478;68.90417699;21047.19478;99.60048703;21047.19478;102.0896461;21047.19478
67.59797371;21111.75673;70.19884167;21111.75673;101.1452091;21111.75673;103.630278;21111.75673
68.9219209;21176.31868;71.5177561;21176.31868;102.7168192;21176.31868;105.1977209;21176.31868
70.27064447;21240.88063;72.86138283;21240.88063;104.3158267;21240.88063;106.7924838;21240.88063
71.64461853;21305.44257;74.23019535;21305.44257;105.942753;21305.44257;108.4150875;21305.44257
73.04432846;21370.00452;75.62467835;21370.00452;107.5981318;21370.00452;110.0660654;21370.00452
74.47027121;21434.56647;77.04532811;21434.56647;109.2825096;21434.56647;111.7459635;21434.56647
75.92295564;21499.12841;78.49265282;21499.12841;110.9964461;21499.12841;113.4553409;21499.12841
77.40290292;21563.69036;79.96717294;21563.69036;112.7405144;21563.69036;115.1947702;21563.69036
78.91064688;21628.25231;81.46942158;21628.25231;114.5153016;21628.25231;116.9648381;21628.25231
80.4467344;21692.81426;82.99994491;21692.81426;116.3214091;21692.81426;118.7661453;21692.81426
82.01172579;21757.3762;84.55930251;21757.3762;118.1594532;21757.3762;120.5993076;21757.3762
83.60619527;21821.93815;86.14806783;21821.93815;120.0300653;21821.93815;122.464956;21821.93815
85.23073131;21886.5001;87.76682861;21886.5001;121.9338927;21886.5001;124.363737;21886.5001
86.88593717;21951.06204;89.41618734;21951.06204;123.8715989;21951.06204;126.2963135;21951.06204
88.5724313;22015.62399;91.09676168;22015.62399;125.8438639;22015.62399;128.2633652;22015.62399
90.29084785;22080.18594;92.80918502;22080.18594;127.8513852;22080.18594;130.265589;22080.18594
92.04183719;22144.74789;94.55410689;22144.74789;129.8948783;22144.74789;132.3036994;22144.74789
93.82606636;22209.30983;96.33219358;22209.30983;131.9750766;22209.30983;134.3784296;22209.30983
95.64421971;22273.87178;98.14412859;22273.87178;134.0927328;22273.87178;136.4905315;22273.87178
97.49699939;22338.43373;99.99061325;22338.43373;136.2486193;22338.43373;138.6407769;22338.43373
99.38512595;22402.99567;101.8723673;22402.99567;138.4435285;22402.99567;140.8299575;22402.99567
101.3093389;22467.55762;103.7901294;22467.55762;140.6782738;22467.55762;143.0588862;22467.55762
103.2703976;22532.11957;105.744658;22532.11957;142.9536903;22532.11957;145.3283974;22532.11957
105.2690814;22596.68152;107.7367317;22596.68152;145.2706354;22596.68152;147.6393477;22596.68152
107.3061909;22661.24346;109.7671501;22661.24346;147.6299894;22661.24346;149.9926169;22661.24346
109.3825482;22725.80541;111.8367346;22725.80541;150.0326568;22725.80541;152.3891087;22725.80541
111.498998;22790.36736;113.9463288;22790.36736;152.4795665;22790.36736;154.8297514;22790.36736
113.6564081;22854.9293;116.0967997;22854.9293;154.9716729;22854.9293;157.3154988;22854.9293
115.8556703;22919.49125;118.2890383;22919.49125;157.5099571;22919.49125;159.8473312;22919.49125
118.0977012;22984.0532;120.5239603;22984.0532;160.0954273;22984.0532;162.426256;22984.0532
120.3834433;23048.61515;122.8025071;23048.61515;162.72912;23048.61515;165.0533091;23048.61515
122.7138655;23113.17709;125.1256468;23113.17709;165.412101;23113.17709;167.7295556;23113.17709
125.0899643;23177.73904;127.4943751;23177.73904;168.1454664;23177.73904;170.456091;23177.73904
127.5127649;23242.30099;129.9097161;23242.30099;170.9303438;23242.30099;173.2340419;23242.30099
129.983322;23306.86294;132.3727235;23306.86294;173.7678933;23306.86294;176.0645678;23306.86294
132.5027208;23371.42488;134.8844818;23371.42488;176.6593086;23371.42488;178.9488617;23371.42488
135.0720785;23435.98683;137.446107;23435.98683;179.6058185;23435.98683;181.8881516;23435.98683
137.692545;23500.54878;140.0587482;23500.54878;182.608688;23500.54878;184.8837018;23500.54878
140.3653047;23565.11072;142.7235887;23565.11072;185.6692195;23565.11072;187.9368139;23565.11072
143.091577;23629.67267;145.4418472;23629.67267;188.7887547;23629.67267;191.0488289;23629.67267
145.8726185;23694.23462;148.214779;23694.23462;191.9686756;23694.23462;194.2211279;23694.23462
148.7097236;23758.79657;151.0436778;23758.79657;195.210406;23758.79657;197.4551342;23758.79657
151.6042266;23823.35851;153.9298768;23823.35851;198.5154136;23823.35851;200.7523145;23823.35851
154.5575028;23887.92046;156.8747503;23887.92046;201.8852112;23887.92046;204.1141809;23887.92046
157.5709704;23952.48241;159.8797155;23952.48241;205.3213587;23952.48241;207.5422926;23952.48241
160.6460918;24017.04435;162.9462339;24017.04435;208.8254648;24017.04435;211.0382573;24017.04435
163.7843758;24081.6063;166.0758132;24081.6063;212.399189;24081.6063;214.6037339;24081.6063
166.987379;24146.16825;169.270009;24146.16825;216.0442437;24146.16825;218.240434;24146.16825
170.256708;24210.7302;172.530427;24210.7302;219.7623961;24210.7302;221.9501239;24210.7302
173.5940215;24275.29214;175.8587248;24275.29214;223.5554706;24275.29214;225.7346272;24275.29214
177.001032;24339.85409;179.2566139;24339.85409;227.425351;24339.85409;229.5958271;24339.85409
180.4795085;24404.41604;182.7258623;24404.41604;231.3739831;24404.41604;233.5356685;24404.41604
184.0312784;24468.97798;186.2682964;24468.97798;235.4033772;24468.97798;237.5561607;24468.97798
187.6582303;24533.53993;189.8858038;24533.53993;239.5156106;24533.53993;241.6593805;24533.53993
191.3623164;24598.10188;193.5803356;24598.10188;243.7128307;24598.10188;245.8474742;24598.10188
195.1455552;24662.66383;197.3539092;24662.66383;247.9972577;24662.66383;250.1226614;24662.66383
199.0100342;24727.22577;201.2086113;24727.22577;252.3711881;24727.22577;254.4872377;24727.22577
202.9579132;24791.78772;205.1466004;24791.78772;256.8369976;24791.78772;258.9435779;24791.78772
206.9914272;24856.34967;209.1701108;24856.34967;261.3971446;24856.34967;263.4941398;24856.34967
211.1128899;24920.91161;213.2814547;24920.91161;266.0541742;24920.91161;268.1414673;24920.91161
215.3246968;24985.47356;217.483027;24985.47356;270.8107214;24985.47356;272.888195;24985.47356
219.6293294;25050.03551;221.7773079;25050.03551;275.6695159;25050.03551;277.7370515;25050.03551
224.0293585;25114.59746;226.1668672;25114.59746;280.6333856;25114.59746;282.6908639;25114.59746
228.5274488;25179.1594;230.6543686;25179.1594;285.7052616;25179.1594;287.7525625;25179.1594
233.1263628;25243.72135;235.2425736;25243.72135;290.8881827;25243.72135;292.9251853;25243.72135
237.8289655;25308.2833;239.934346;25308.2833;296.1853004;25308.2833;298.2118829;25308.2833
242.6382293;25372.84525;244.7326573;25372.84525;301.5998844;25372.84525;303.6159241;25372.84525
247.5572389;25437.40719;249.6405909;25437.40719;307.1353277;25437.40719;309.1407013;25437.40719
252.5891966;25501.96914;254.6613483;25501.96914;312.795153;25501.96914;314.789736;25501.96914
257.7374281;25566.53109;259.798254;25566.53109;318.5830186;25566.53109;320.5666859;25566.53109
263.0053885;25631.09303;265.0547622;25631.09303;324.5027251;25631.09303;326.4753507;25631.09303
268.3966687;25695.65498;270.4344625;25695.65498;330.5582223;25695.65498;332.5196794;25695.65498
273.9150017;25760.21693;275.941087;25760.21693;336.7536169;25760.21693;338.7037778;25760.21693
279.5642703;25824.77888;281.5785175;25824.77888;343.0931798;25824.77888;345.0319158;25824.77888
285.3485143;25889.34082;287.3507927;25889.34082;349.5813548;25889.34082;351.5085367;25889.34082
291.2719388;25953.90277;293.2621165;25953.90277;356.2227674;25953.90277;358.1382649;25953.90277
297.3389221;26018.46472;299.3168664;26018.46472;363.0222341;26018.46472;364.9259161;26018.46472
303.5540256;26083.02666;305.5196025;26083.02666;369.9847723;26083.02666;371.8765069;26083.02666
309.9220028;26147.58861;311.8750774;26147.58861;377.1156108;26147.58861;378.9952652;26147.58861
316.4478098;26212.15056;318.3882462;26212.15056;384.4202014;26212.15056;386.2876421;26212.15056
323.1366159;26276.71251;325.0642771;26276.71251;391.9042305;26276.71251;393.759323;26276.71251
329.9938157;26341.27445;331.9085638;26341.27445;399.5736321;26341.27445;401.4162412;26341.27445
337.025041;26405.8364;338.926737;26405.8364;407.4346012;26405.8364;409.264591;26405.8364
344.2361743;26470.39835;346.1246782;26470.39835;415.4936086;26470.39835;417.3108422;26470.39835
351.6333626;26534.96029;353.5085334;26534.96029;423.7574162;26534.96029;425.561756;26534.96029
359.2230328;26599.52224;361.0847286;26599.52224;432.2330934;26599.52224;434.0244011;26599.52224
367.0119073;26664.08419;368.8599854;26664.08419;440.9280351;26664.08419;442.7061715;26664.08419
375.0070217;26728.64614;376.8413382;26728.64614;449.8499805;26728.64614;451.6148058;26728.64614
383.215743;26793.20808;385.0361532;26793.20808;459.0070331;26793.20808;460.7584069;26793.20808
391.6457891;26857.77003;393.4521476;26857.77003;468.407683;26857.77003;470.1454639;26857.77003
400.3052503;26922.33198;402.0974107;26922.33198;478.0608295;26922.33198;479.7848757;26922.33198
409.202612;26986.89392;410.980427;26986.89392;487.9758065;26986.89392;489.6859754;26986.89392
418.3467787;27051.45587;420.1101003;27051.45587;498.1624091;27051.45587;499.8585576;27051.45587
427.7471007;27116.01782;429.4957802;27116.01782;508.6309228;27116.01782;510.3129071;27116.01782
437.413402;27180.57977;439.14729;27180.57977;519.3921538;27180.57977;521.0598297;27180.57977
447.3560107;27245.14171;449.0749569;27245.14171;530.4574634;27245.14171;532.1106861;27245.14171
457.5857919;27309.70366;459.2896455;27309.70366;541.838803;27309.70366;543.4774272;27309.70366
468.1141828;27374.26561;469.8027924;27374.26561;553.5487539;27374.26561;555.1726338;27374.26561
478.9532311;27438.82756;480.6264447;27438.82756;565.6005684;27438.82756;567.209558;27438.82756
490.1156361;27503.3895;491.7733011;27503.3895;578.0082159;27503.3895;579.6021685;27503.3895
501.6147932;27567.95145;503.2567565;27567.95145;590.7864316;27567.95145;592.3652003;27567.95145
513.4648427;27632.5134;515.0909506;27632.5134;603.9507697;27632.5134;605.5142072;27632.5134
525.6807216;27697.07534;527.2908202;27697.07534;617.5176612;27697.07534;619.0656199;27697.07534
538.2782214;27761.63729;539.872156;27761.63729;631.5044766;27761.63729;633.0368086;27761.63729
551.2740489;27826.19924;552.8516647;27826.19924;645.9295937;27826.19924;647.4461508;27826.19924
564.6858946;27890.76119;566.247036;27890.76119;660.8124721;27890.76119;662.3131057;27890.76119
578.5325054;27955.32313;580.0770167;27955.32313;676.1737334;27955.32313;677.6582948;27955.32313
592.8337648;28019.88508;594.3614898;28019.88508;692.0352497;28019.88508;693.5035899;28019.88508
607.6107807;28084.44703;609.1215626;28084.44703;708.4202396;28084.44703;709.8722092;28084.44703
622.8859804;28149.00897;624.3796621;28149.00897;725.3533735;28149.00897;726.7888228;28149.00897
638.683216;28213.57092;640.1596398;28213.57092;742.8608887;28213.57092;744.2796676;28213.57092
655.0278788;28278.13287;656.4868864;28278.13287;760.9707157;28278.13287;762.3726737;28278.13287
671.9470257;28342.69482;673.3884585;28342.69482;779.7126173;28342.69482;781.0976035;28342.69482
689.4695181;28407.25676;690.8932165;28407.25676;799.1183411;28407.25676;800.4862039;28407.25676
707.6261744;28471.81871;709.0319783;28471.81871;819.2217876;28471.81871;820.5723751;28471.81871
726.4499394;28536.38066;727.8376879;28536.38066;840.0591961;28536.38066;841.3923555;28536.38066
745.9760701;28600.9426;747.3456014;28600.9426;861.6693494;28600.9426;862.9849275;28600.9426
766.2423429;28665.50455;767.5934942;28665.50455;884.0938017;28665.50455;885.391644;28665.50455
787.2892817;28730.0665;788.6218893;28730.0665;907.3771296;28730.0665;908.657081;28730.0665
809.1604134;28794.62845;810.4743122;28794.62845;931.5672125;28794.62845;932.829117;28794.62845
831.9025503;28859.19039;833.1975743;28859.19039;956.7155444;28859.19039;957.9592446;28859.19039
855.5661066;28923.75234;856.8420881;28923.75234;982.8775809;28923.75234;984.1029182;28923.75234
880.205451;28988.31429;881.4622212;28988.31429;1010.113128;28988.31429;1011.319943;28988.31429
905.8793029;29052.87623;907.1166912;29052.87623;1038.486776;29052.87623;1039.674907;29052.87623
932.6511755;29117.43818;933.8690099;29117.43818;1068.068392;29117.43818;1069.237676;29117.43818
960.5898759;29182.00013;961.7879823;29182.00013;1098.933661;29182.00013;1100.083935;29182.00013
989.7700678;29246.56208;990.9482705;29246.56208;1131.164716;29246.56208;1132.295813;29246.56208
1020.272908;29311.12402;1021.43103;29311.12402;1164.850828;29311.12402;1165.96258;29311.12402
1052.186769;29375.68597;1053.324629;29375.68597;1200.089207;29375.68597;1201.181444;29375.68597
1085.608058;29440.24792;1086.725474;29440.24792;1236.985901;29440.24792;1238.058451;29440.24792
1120.64215;29504.80987;1121.738938;29504.80987;1275.656823;29504.80987;1276.709512;29504.80987
1157.404457;29569.37181;1158.480429;29569.37181;1316.228928;29569.37181;1317.261578;29569.37181
1196.021653;29633.93376;1197.07662;29633.93376;1358.841555;29633.93376;1359.853988;29633.93376
1236.63308;29698.49571;1237.666847;29698.49571;1403.647982;29698.49571;1404.640013;29698.49571
1279.392373;29763.05765;1280.404742;29763.05765;1450.817205;29763.05765;1451.788649;29763.05765
1324.469338;29827.6196;1325.460107;29827.6196;1500.536014;29827.6196;1501.486679;29827.6196
1372.052141;29892.18155;1373.021104;29892.18155;1553.011392;29892.18155;1553.941082;29892.18155
1422.349859;29956.7435;1423.296801;29956.7435;1608.473321;29956.7435;1609.381835;29956.7435
1475.59546;30021.30544;1476.520163;30021.30544;1667.178068;30021.30544;1668.065198;30021.30544
1532.049324;30085.86739;1532.951561;30085.86739;1729.412051;30085.86739;1730.277584;30085.86739
1592.003395;30150.42934;1592.882931;30150.42934;1795.496408;30150.42934;1796.34012;30150.42934
1655.786108;30214.99128;1656.6427;30214.99128;1865.792418;30214.99128;1866.614079;30214.99128
1723.768281;30279.55323;1724.601677;30279.55323;1940.707981;30279.55323;1941.507354;30279.55323
1796.370173;30344.11518;1797.180117;30344.11518;2020.705382;30344.11518;2021.482223;30344.11518
1874.070013;30408.67713;1874.856246;30408.67713;2106.310674;30408.67713;2107.064737;30408.67713
1957.414349;30473.23907;1958.176613;30473.23907;2198.125059;30473.23907;2198.8561;30473.23907
2047.030702;30537.80102;2047.768746;30537.80102;2296.838811;30537.80102;2297.546592;30537.80102
2143.643134;30602.36297;2144.356723;30602.36297;2403.248397;30602.36297;2403.932697;30602.36297
2248.091558;30666.92491;2248.780481;30666.92491;2518.277723;30666.92491;2518.938341;30666.92491
2361.355874;30731.48686;2362.019952;30731.48686;2643.004678;30731.48686;2643.641446;30731.48686
2484.586398;30796.04881;2485.225489;30796.04881;2778.694612;30796.04881;2779.307395;30796.04881
2619.142596;30860.61076;2619.756592;30860.61076;2926.842936;30860.61076;2927.431634;30860.61076
2766.642876;30925.1727;2767.231699;30925.1727;3089.229899;30925.1727;3089.79444;30925.1727
2929.029323;30989.73465;2929.592912;30989.73465;3267.991797;30989.73465;3268.532125;30989.73465
3108.652877;31054.2966;3109.191168;31054.2966;3465.71466;31054.2966;3466.230716;31054.2966
3308.386893;31118.85854;3308.899789;31118.85854;3685.559183;31118.85854;3686.050877;31118.85854
3531.780782;31183.42049;3532.268147;31183.42049;3931.429716;31183.42049;3931.896919;31183.42049
3783.2713;31247.98244;3783.732865;31247.98244;4208.206691;31247.98244;4208.649148;31247.98244
4068.478143;31312.54439;4068.913731;31312.54439;4522.071775;31312.54439;4522.489319;31312.54439
4394.626977;31377.10633;4395.035542;31377.10633;4880.9732;31377.10633;4881.36483;31377.10633
4771.164797;31441.66828;4771.547823;31441.66828;5295.302661;31441.66828;5295.669801;31441.66828
5210.69366;31506.23023;5211.042108;31506.23023;5778.92242;31506.23023;5779.25641;31506.23023
5730.372943;31570.79218;5730.715462;31570.79218;6350.707794;31570.79218;6351.036091;31570.79218
6354.315926;31635.35412;6354.537942;31635.35412;7037.183389;31635.35412;7037.396191;31635.35412
7117.002283;31699.91607;7117.523076;31699.91607;7876.27685;31699.91607;7876.775981;31699.91607
8071.452465;31764.47802;8071.941008;31764.47802;8926.310669;31764.47802;8926.778887;31764.47802
9295.991976;31829.03996;9296.108629;31829.03996;10273.4429;31829.03996;10273.55471;31829.03996
10939.99726;31893.60191;10940.20022;31893.60191;12081.98764;31893.60191;12082.18216;31893.60191
13199.63004;31958.16386;13199.68543;31958.16386;14567.72278;31958.16386;14567.77586;31958.16386
16746.84475;32022.72581;16747.22072;32022.72581;18469.79819;32022.72581;18470.15851;32022.72581
22032.44869;32087.28775;22032.66879;32087.28775;24284.10192;32087.28775;24284.31285;32087.28775
34963.70594;32151.8497;34963.89023;32151.8497;38508.62443;32151.8497;38508.80105;32151.8497
61613.13272;32216.41165;61615.66852;32216.41165;67823.13359;32216.41165;67825.56381;32216.41165
