1.00E-06;1.00E-15;1.00E-15;1.00E-15;1.00E-15;1.00E-15
64.56194719;1.00E-15;1.00E-15;1.00E-15;1.00E-15;1.00E-15
129.1238944;-1.92E-06;-1.98E-06;-2.00E-06;-2.00E-06;-2.00E-06
193.6858416;-3.58E-06;-2.46E-06;-2.00E-06;-2.00E-06;-2.00E-06
258.2477888;-6.47E-06;-3.51E-06;-2.00E-06;-2.00E-06;-2.00E-06
322.8097359;-1.02E-05;-4.43E-06;-2.00E-06;-2.00E-06;-2.00E-06
387.3716831;-1.45E-05;-5.28E-06;-2.01E-06;-2.00E-06;-2.00E-06
451.9336303;-1.94E-05;-6.12E-06;-2.03E-06;-2.00E-06;-2.00E-06
516.4955775;-2.47E-05;-6.97E-06;-2.07E-06;-2.00E-06;-2.00E-06
581.0575247;-3.03E-05;-7.84E-06;-2.13E-06;-2.00E-06;-2.00E-06
645.6194719;-3.62E-05;-8.72E-06;-2.20E-06;-2.00E-06;-2.00E-06
710.1814191;-4.23E-05;-9.62E-06;-2.29E-06;-2.00E-06;-2.00E-06
774.7433663;-4.86E-05;-1.05E-05;-2.38E-06;-2.00E-06;-2.00E-06
839.3053134;-5.51E-05;-1.15E-05;-2.49E-06;-2.00E-06;-2.00E-06
903.8672606;-6.17E-05;-1.24E-05;-2.60E-06;-2.00E-06;-2.00E-06
968.4292078;-6.85E-05;-1.34E-05;-2.72E-06;-2.00E-06;-2.00E-06
1032.991155;-7.53E-05;-1.43E-05;-2.84E-06;-2.00E-06;-2.00E-06
1097.553102;-8.23E-05;-1.53E-05;-2.97E-06;-2.00E-06;-2.00E-06
1162.115049;-8.93E-05;-1.63E-05;-3.10E-06;-2.00E-06;-2.00E-06
1226.676997;-9.64E-05;-1.74E-05;-3.23E-06;-2.00E-06;-2.00E-06
1291.238944;-0.00010366;-1.84E-05;-3.37E-06;-2.00E-06;-2.00E-06
1355.800891;-0.000110947;-1.94E-05;-3.50E-06;-2.00E-06;-2.00E-06
1420.362838;-0.000118303;-2.05E-05;-3.64E-06;-2.00E-06;-2.00E-06
1484.924785;-0.000125724;-2.15E-05;-3.79E-06;-2.00E-06;-2.00E-06
1549.486733;-0.000133206;-2.26E-05;-3.93E-06;-2.00E-06;-2.00E-06
1614.04868;-0.000140744;-2.36E-05;-4.07E-06;-2.00E-06;-2.00E-06
1678.610627;-0.000148334;-2.47E-05;-4.22E-06;-2.00E-06;-2.00E-06
1743.172574;-0.000155971;-2.58E-05;-4.36E-06;-2.00E-06;-2.00E-06
1807.734521;-0.000163649;-2.69E-05;-4.51E-06;-2.00E-06;-2.00E-06
1872.296468;-0.000171365;-2.80E-05;-4.66E-06;-2.00E-06;-2.00E-06
1936.858416;-0.000179111;-2.90E-05;-4.80E-06;-2.00E-06;-2.00E-06
2001.420363;-0.000186885;-3.01E-05;-4.95E-06;-2.01E-06;-2.01E-06
2065.98231;-0.000194678;-3.12E-05;-5.10E-06;-2.01E-06;-2.01E-06
2130.544257;-0.000202486;-3.23E-05;-5.24E-06;-2.01E-06;-2.01E-06
2195.106204;-0.000210303;-3.34E-05;-5.39E-06;-2.01E-06;-2.01E-06
2259.668152;-0.000218123;-3.45E-05;-5.53E-06;-2.01E-06;-2.01E-06
2324.230099;-0.000225938;-3.55E-05;-5.68E-06;-2.02E-06;-2.02E-06
2388.792046;-0.000233744;-3.66E-05;-5.82E-06;-2.02E-06;-2.02E-06
2453.353993;-0.000241534;-3.76E-05;-5.96E-06;-2.03E-06;-2.03E-06
2517.91594;-0.0002493;-3.87E-05;-6.10E-06;-2.03E-06;-2.03E-06
2582.477888;-0.000257037;-3.97E-05;-6.24E-06;-2.04E-06;-2.04E-06
2647.039835;-0.000264737;-4.08E-05;-6.38E-06;-2.04E-06;-2.04E-06
2711.601782;-0.000272395;-4.18E-05;-6.52E-06;-2.05E-06;-2.05E-06
2776.163729;-0.000280003;-4.28E-05;-6.65E-06;-2.05E-06;-2.05E-06
2840.725676;-0.000287555;-4.38E-05;-6.78E-06;-2.06E-06;-2.06E-06
2905.287623;-0.000295045;-4.47E-05;-6.91E-06;-2.06E-06;-2.06E-06
2969.849571;-0.000302466;-4.57E-05;-7.04E-06;-2.07E-06;-2.07E-06
3034.411518;-0.000309812;-4.66E-05;-7.17E-06;-2.08E-06;-2.08E-06
3098.973465;-0.000317076;-4.76E-05;-7.29E-06;-2.08E-06;-2.08E-06
3163.535412;-0.000324254;-4.85E-05;-7.41E-06;-2.09E-06;-2.09E-06
3228.097359;-0.000331337;-4.94E-05;-7.53E-06;-2.10E-06;-2.10E-06
3292.659307;-0.000338322;-5.02E-05;-7.64E-06;-2.11E-06;-2.11E-06
3357.221254;-0.000345203;-5.11E-05;-7.76E-06;-2.11E-06;-2.11E-06
3421.783201;-0.000351974;-5.19E-05;-7.87E-06;-2.12E-06;-2.12E-06
3486.345148;-0.000358631;-5.28E-05;-7.98E-06;-2.13E-06;-2.13E-06
3550.907095;-0.000365168;-5.35E-05;-8.08E-06;-2.14E-06;-2.14E-06
3615.469043;-0.000371581;-5.43E-05;-8.18E-06;-2.14E-06;-2.14E-06
3680.03099;-0.000377867;-5.51E-05;-8.28E-06;-2.15E-06;-2.15E-06
3744.592937;-0.000384021;-5.58E-05;-8.38E-06;-2.16E-06;-2.16E-06
3809.154884;-0.00039004;-5.65E-05;-8.47E-06;-2.17E-06;-2.17E-06
3873.716831;-0.00039592;-5.72E-05;-8.56E-06;-2.17E-06;-2.17E-06
3938.278778;-0.000401659;-5.79E-05;-8.65E-06;-2.18E-06;-2.18E-06
4002.840726;-0.000407255;-5.86E-05;-8.74E-06;-2.19E-06;-2.19E-06
4067.402673;-0.000412704;-5.92E-05;-8.82E-06;-2.20E-06;-2.20E-06
4131.96462;-0.000418005;-5.98E-05;-8.90E-06;-2.20E-06;-2.20E-06
4196.526567;-0.000423156;-6.04E-05;-8.98E-06;-2.21E-06;-2.21E-06
4261.088514;-0.000428157;-6.10E-05;-9.05E-06;-2.22E-06;-2.22E-06
4325.650462;-0.000433007;-6.15E-05;-9.13E-06;-2.22E-06;-2.22E-06
4390.212409;-0.000437704;-6.20E-05;-9.20E-06;-2.23E-06;-2.23E-06
4454.774356;-0.000442249;-6.26E-05;-9.26E-06;-2.24E-06;-2.24E-06
4519.336303;-0.000446641;-6.31E-05;-9.33E-06;-2.24E-06;-2.24E-06
4583.89825;-0.000450882;-6.35E-05;-9.39E-06;-2.25E-06;-2.25E-06
4648.460198;-0.000454972;-6.40E-05;-9.45E-06;-2.25E-06;-2.25E-06
4713.022145;-0.000458912;-6.44E-05;-9.51E-06;-2.26E-06;-2.26E-06
4777.584092;-0.000462702;-6.48E-05;-9.56E-06;-2.26E-06;-2.26E-06
4842.146039;-0.000466346;-6.52E-05;-9.62E-06;-2.27E-06;-2.27E-06
4906.707986;-0.000469844;-6.56E-05;-9.67E-06;-2.27E-06;-2.27E-06
4971.269934;-0.000473198;-6.60E-05;-9.71E-06;-2.28E-06;-2.28E-06
5035.831881;-0.000476412;-6.64E-05;-9.76E-06;-2.28E-06;-2.28E-06
5100.393828;-0.000479486;-6.67E-05;-9.81E-06;-2.29E-06;-2.29E-06
5164.955775;-0.000482425;-6.70E-05;-9.85E-06;-2.29E-06;-2.29E-06
5229.517722;-0.00048523;-6.73E-05;-9.89E-06;-2.30E-06;-2.30E-06
5294.079669;-0.000487904;-6.76E-05;-9.93E-06;-2.30E-06;-2.30E-06
5358.641617;-0.000490452;-6.79E-05;-9.96E-06;-2.30E-06;-2.30E-06
5423.203564;-0.000492875;-6.82E-05;-1.00E-05;-2.31E-06;-2.31E-06
5487.765511;-0.000495178;-6.84E-05;-1.00E-05;-2.31E-06;-2.31E-06
5552.327458;-0.000497363;-6.86E-05;-1.01E-05;-2.31E-06;-2.31E-06
5616.889405;-0.000499435;-6.89E-05;-1.01E-05;-2.32E-06;-2.32E-06
5681.451353;-0.000501396;-6.91E-05;-1.01E-05;-2.32E-06;-2.32E-06
5746.0133;-0.000503251;-6.93E-05;-1.01E-05;-2.32E-06;-2.32E-06
5810.575247;-0.000505004;-6.95E-05;-1.02E-05;-2.32E-06;-2.32E-06
5875.137194;-0.000506657;-6.96E-05;-1.02E-05;-2.33E-06;-2.33E-06
5939.699141;-0.000508214;-6.98E-05;-1.02E-05;-2.33E-06;-2.33E-06
6004.261089;-0.00050968;-7.00E-05;-1.02E-05;-2.33E-06;-2.33E-06
6068.823036;-0.000511058;-7.01E-05;-1.03E-05;-2.33E-06;-2.33E-06
6133.384983;-0.000512352;-7.02E-05;-1.03E-05;-2.33E-06;-2.33E-06
6197.94693;-0.000513565;-7.04E-05;-1.03E-05;-2.34E-06;-2.34E-06
6262.508877;-0.0005147;-7.05E-05;-1.03E-05;-2.34E-06;-2.34E-06
6327.070824;-0.000515762;-7.06E-05;-1.03E-05;-2.34E-06;-2.34E-06
6391.632772;-0.000516754;-7.07E-05;-1.03E-05;-2.34E-06;-2.34E-06
6456.194719;-0.000517679;-7.08E-05;-1.03E-05;-2.34E-06;-2.34E-06
6520.756666;-0.000518541;-7.09E-05;-1.04E-05;-2.34E-06;-2.34E-06
6585.318613;-0.000519342;-7.10E-05;-1.04E-05;-2.34E-06;-2.34E-06
6649.88056;-0.000520086;-7.11E-05;-1.04E-05;-2.34E-06;-2.34E-06
6714.442508;-0.000520776;-7.11E-05;-1.04E-05;-2.35E-06;-2.35E-06
6779.004455;-0.000521415;-7.12E-05;-1.04E-05;-2.35E-06;-2.35E-06
6843.566402;-0.000522005;-7.13E-05;-1.04E-05;-2.35E-06;-2.35E-06
6908.128349;-0.00052255;-7.13E-05;-1.04E-05;-2.35E-06;-2.35E-06
6972.690296;-0.000523052;-7.14E-05;-1.04E-05;-2.35E-06;-2.35E-06
7037.252244;-0.000523514;-7.14E-05;-1.04E-05;-2.35E-06;-2.35E-06
7101.814191;-0.000523937;-7.15E-05;-1.04E-05;-2.35E-06;-2.35E-06
7166.376138;-0.000524324;-7.15E-05;-1.04E-05;-2.35E-06;-2.35E-06
7230.938085;-0.000524678;-7.16E-05;-1.04E-05;-2.35E-06;-2.35E-06
7295.500032;-0.000524999;-7.16E-05;-1.04E-05;-2.35E-06;-2.35E-06
7360.061979;-0.000525291;-7.16E-05;-1.05E-05;-2.35E-06;-2.35E-06
7424.623927;-0.000525555;-7.17E-05;-1.05E-05;-2.35E-06;-2.35E-06
7489.185874;-0.000525792;-7.17E-05;-1.05E-05;-2.35E-06;-2.35E-06
7553.747821;-0.000526005;-7.17E-05;-1.05E-05;-2.35E-06;-2.35E-06
7618.309768;-0.000526194;-7.17E-05;-1.05E-05;-2.35E-06;-2.35E-06
7682.871715;-0.00052636;-7.17E-05;-1.05E-05;-2.35E-06;-2.35E-06
7747.433663;-0.000526506;-7.18E-05;-1.05E-05;-2.35E-06;-2.35E-06
7811.99561;-0.000526631;-7.18E-05;-1.05E-05;-2.35E-06;-2.35E-06
7876.557557;-0.000526738;-7.18E-05;-1.05E-05;-2.35E-06;-2.35E-06
7941.119504;-0.000526826;-7.18E-05;-1.05E-05;-2.35E-06;-2.35E-06
8005.681451;-0.000526897;-7.18E-05;-1.05E-05;-2.35E-06;-2.35E-06
8070.243399;-0.00052695;-7.18E-05;-1.05E-05;-2.36E-06;-2.36E-06
8134.805346;-0.000526988;-7.18E-05;-1.05E-05;-2.36E-06;-2.36E-06
8199.367293;-0.000527009;-7.18E-05;-1.05E-05;-2.36E-06;-2.36E-06
8263.92924;-0.000527015;-7.18E-05;-1.05E-05;-2.36E-06;-2.36E-06
8328.491187;-0.000527006;-7.18E-05;-1.05E-05;-2.36E-06;-2.36E-06
8393.053134;-0.000526981;-7.19E-05;-1.05E-05;-2.36E-06;-2.36E-06
8457.615082;-0.000526941;-7.19E-05;-1.05E-05;-2.36E-06;-2.36E-06
8522.177029;-0.000526885;-7.19E-05;-1.05E-05;-2.36E-06;-2.36E-06
8586.738976;-0.000526815;-7.18E-05;-1.05E-05;-2.36E-06;-2.36E-06
8651.300923;-0.000526729;-7.18E-05;-1.05E-05;-2.36E-06;-2.36E-06
8715.86287;-0.000526627;-7.18E-05;-1.05E-05;-2.36E-06;-2.36E-06
8780.424818;-0.000526509;-7.18E-05;-1.05E-05;-2.36E-06;-2.36E-06
8844.986765;-0.000526375;-7.18E-05;-1.05E-05;-2.35E-06;-2.35E-06
8909.548712;-0.000526224;-7.18E-05;-1.05E-05;-2.35E-06;-2.35E-06
8974.110659;-0.000526055;-7.18E-05;-1.05E-05;-2.35E-06;-2.35E-06
9038.672606;-0.000525869;-7.18E-05;-1.05E-05;-2.35E-06;-2.35E-06
9103.234554;-0.000525665;-7.18E-05;-1.05E-05;-2.35E-06;-2.35E-06
9167.796501;-0.000525442;-7.17E-05;-1.05E-05;-2.35E-06;-2.35E-06
9232.358448;-0.000525199;-7.17E-05;-1.05E-05;-2.35E-06;-2.35E-06
9296.920395;-0.000524936;-7.17E-05;-1.05E-05;-2.35E-06;-2.35E-06
9361.482342;-0.000524652;-7.17E-05;-1.05E-05;-2.35E-06;-2.35E-06
9426.044289;-0.000524347;-7.16E-05;-1.05E-05;-2.35E-06;-2.35E-06
9490.606237;-0.000524019;-7.16E-05;-1.04E-05;-2.35E-06;-2.35E-06
9555.168184;-0.000523669;-7.16E-05;-1.04E-05;-2.35E-06;-2.35E-06
9619.730131;-0.000523295;-7.15E-05;-1.04E-05;-2.35E-06;-2.35E-06
9684.292078;-0.000522896;-7.15E-05;-1.04E-05;-2.35E-06;-2.35E-06
9748.854025;-0.000522473;-7.14E-05;-1.04E-05;-2.35E-06;-2.35E-06
9813.415973;-0.000522024;-7.14E-05;-1.04E-05;-2.35E-06;-2.35E-06
9877.97792;-0.000521549;-7.13E-05;-1.04E-05;-2.35E-06;-2.35E-06
9942.539867;-0.000521046;-7.13E-05;-1.04E-05;-2.35E-06;-2.35E-06
10007.10181;-0.000520516;-7.12E-05;-1.04E-05;-2.35E-06;-2.35E-06
10071.66376;-0.000519957;-7.11E-05;-1.04E-05;-2.35E-06;-2.35E-06
10136.22571;-0.00051937;-7.11E-05;-1.04E-05;-2.34E-06;-2.34E-06
10200.78766;-0.000518753;-7.10E-05;-1.04E-05;-2.34E-06;-2.34E-06
10265.3496;-0.000518105;-7.09E-05;-1.04E-05;-2.34E-06;-2.34E-06
10329.91155;-0.000517428;-7.08E-05;-1.03E-05;-2.34E-06;-2.34E-06
10394.4735;-0.000516719;-7.07E-05;-1.03E-05;-2.34E-06;-2.34E-06
10459.03544;-0.000515979;-7.06E-05;-1.03E-05;-2.34E-06;-2.34E-06
10523.59739;-0.000515207;-7.05E-05;-1.03E-05;-2.34E-06;-2.34E-06
10588.15934;-0.000514403;-7.04E-05;-1.03E-05;-2.34E-06;-2.34E-06
10652.72129;-0.000513566;-7.03E-05;-1.03E-05;-2.33E-06;-2.33E-06
10717.28323;-0.000512697;-7.02E-05;-1.03E-05;-2.33E-06;-2.33E-06
10781.84518;-0.000511794;-7.01E-05;-1.02E-05;-2.33E-06;-2.33E-06
10846.40713;-0.000510858;-7.00E-05;-1.02E-05;-2.33E-06;-2.33E-06
10910.96907;-0.00050989;-6.99E-05;-1.02E-05;-2.33E-06;-2.33E-06
10975.53102;-0.000508887;-6.97E-05;-1.02E-05;-2.33E-06;-2.33E-06
11040.09297;-0.000507852;-6.96E-05;-1.02E-05;-2.32E-06;-2.32E-06
11104.65492;-0.000506783;-6.94E-05;-1.02E-05;-2.32E-06;-2.32E-06
11169.21686;-0.000505681;-6.93E-05;-1.01E-05;-2.32E-06;-2.32E-06
11233.77881;-0.000504545;-6.92E-05;-1.01E-05;-2.32E-06;-2.32E-06
11298.34076;-0.000503377;-6.90E-05;-1.01E-05;-2.32E-06;-2.32E-06
11362.90271;-0.000502176;-6.88E-05;-1.01E-05;-2.31E-06;-2.31E-06
11427.46465;-0.000500943;-6.87E-05;-1.01E-05;-2.31E-06;-2.31E-06
11492.0266;-0.000499677;-6.85E-05;-1.00E-05;-2.31E-06;-2.31E-06
11556.58855;-0.000498379;-6.83E-05;-1.00E-05;-2.31E-06;-2.31E-06
11621.15049;-0.00049705;-6.82E-05;-9.99E-06;-2.31E-06;-2.31E-06
11685.71244;-0.000495689;-6.80E-05;-9.97E-06;-2.30E-06;-2.30E-06
11750.27439;-0.000494298;-6.78E-05;-9.94E-06;-2.30E-06;-2.30E-06
11814.83634;-0.000492877;-6.76E-05;-9.92E-06;-2.30E-06;-2.30E-06
11879.39828;-0.000491426;-6.74E-05;-9.89E-06;-2.30E-06;-2.30E-06
11943.96023;-0.000489946;-6.72E-05;-9.86E-06;-2.29E-06;-2.29E-06
12008.52218;-0.000488438;-6.70E-05;-9.84E-06;-2.29E-06;-2.29E-06
12073.08412;-0.000486901;-6.68E-05;-9.81E-06;-2.29E-06;-2.29E-06
12137.64607;-0.000485337;-6.66E-05;-9.78E-06;-2.28E-06;-2.28E-06
12202.20802;-0.000483746;-6.64E-05;-9.75E-06;-2.28E-06;-2.28E-06
12266.76997;-0.000482129;-6.62E-05;-9.72E-06;-2.28E-06;-2.28E-06
12331.33191;-0.000480487;-6.59E-05;-9.69E-06;-2.28E-06;-2.28E-06
12395.89386;-0.00047882;-6.57E-05;-9.66E-06;-2.27E-06;-2.27E-06
12460.45581;-0.000477129;-6.55E-05;-9.63E-06;-2.27E-06;-2.27E-06
12525.01775;-0.000475414;-6.52E-05;-9.60E-06;-2.27E-06;-2.27E-06
12589.5797;-0.000473677;-6.50E-05;-9.57E-06;-2.26E-06;-2.26E-06
12654.14165;-0.000471918;-6.48E-05;-9.54E-06;-2.26E-06;-2.26E-06
12718.7036;-0.000470138;-6.45E-05;-9.51E-06;-2.26E-06;-2.26E-06
12783.26554;-0.000468337;-6.43E-05;-9.47E-06;-2.25E-06;-2.25E-06
12847.82749;-0.000466516;-6.40E-05;-9.44E-06;-2.25E-06;-2.25E-06
12912.38944;-0.000464676;-6.38E-05;-9.41E-06;-2.25E-06;-2.25E-06
12976.95138;-0.000462818;-6.35E-05;-9.37E-06;-2.25E-06;-2.25E-06
13041.51333;-0.000460942;-6.33E-05;-9.34E-06;-2.24E-06;-2.24E-06
13106.07528;-0.000459049;-6.30E-05;-9.31E-06;-2.24E-06;-2.24E-06
13170.63723;-0.00045714;-6.28E-05;-9.27E-06;-2.24E-06;-2.24E-06
13235.19917;-0.000455214;-6.25E-05;-9.24E-06;-2.23E-06;-2.23E-06
13299.76112;-0.000453274;-6.23E-05;-9.20E-06;-2.23E-06;-2.23E-06
13364.32307;-0.00045132;-6.20E-05;-9.17E-06;-2.23E-06;-2.23E-06
13428.88502;-0.000449352;-6.17E-05;-9.13E-06;-2.22E-06;-2.22E-06
13493.44696;-0.00044737;-6.15E-05;-9.10E-06;-2.22E-06;-2.22E-06
13558.00891;-0.000445377;-6.12E-05;-9.06E-06;-2.22E-06;-2.22E-06
13622.57086;-0.000443371;-6.09E-05;-9.02E-06;-2.21E-06;-2.21E-06
13687.1328;-0.000441354;-6.07E-05;-8.99E-06;-2.21E-06;-2.21E-06
13751.69475;-0.000439326;-6.04E-05;-8.95E-06;-2.21E-06;-2.21E-06
13816.2567;-0.000437288;-6.01E-05;-8.91E-06;-2.20E-06;-2.20E-06
13880.81865;-0.00043524;-5.98E-05;-8.88E-06;-2.20E-06;-2.20E-06
13945.38059;-0.000433183;-5.96E-05;-8.84E-06;-2.20E-06;-2.20E-06
14009.94254;-0.000431118;-5.93E-05;-8.80E-06;-2.19E-06;-2.19E-06
14074.50449;-0.000429044;-5.90E-05;-8.77E-06;-2.19E-06;-2.19E-06
14139.06643;-0.000426963;-5.87E-05;-8.73E-06;-2.19E-06;-2.19E-06
14203.62838;-0.000424874;-5.84E-05;-8.69E-06;-2.19E-06;-2.19E-06
14268.19033;-0.000422778;-5.82E-05;-8.65E-06;-2.18E-06;-2.18E-06
14332.75228;-0.000420676;-5.79E-05;-8.61E-06;-2.18E-06;-2.18E-06
14397.31422;-0.000418569;-5.76E-05;-8.58E-06;-2.18E-06;-2.18E-06
14461.87617;-0.000416455;-5.73E-05;-8.54E-06;-2.17E-06;-2.17E-06
14526.43812;-0.000414336;-5.70E-05;-8.50E-06;-2.17E-06;-2.17E-06
14591.00006;-0.000412213;-5.67E-05;-8.46E-06;-2.17E-06;-2.17E-06
14655.56201;-0.000410084;-5.65E-05;-8.42E-06;-2.16E-06;-2.16E-06
14720.12396;-0.000407952;-5.62E-05;-8.39E-06;-2.16E-06;-2.16E-06
14784.68591;-0.000405816;-5.59E-05;-8.35E-06;-2.16E-06;-2.16E-06
14849.24785;-0.000403676;-5.56E-05;-8.31E-06;-2.15E-06;-2.15E-06
14913.8098;-0.000401533;-5.53E-05;-8.27E-06;-2.15E-06;-2.15E-06
14978.37175;-0.000399387;-5.50E-05;-8.23E-06;-2.15E-06;-2.15E-06
15042.93369;-0.000397239;-5.47E-05;-8.19E-06;-2.15E-06;-2.15E-06
15107.49564;-0.000395088;-5.44E-05;-8.15E-06;-2.14E-06;-2.14E-06
15172.05759;-0.000392935;-5.41E-05;-8.11E-06;-2.14E-06;-2.14E-06
15236.61954;-0.00039078;-5.39E-05;-8.08E-06;-2.14E-06;-2.14E-06
15301.18148;-0.000388623;-5.36E-05;-8.04E-06;-2.13E-06;-2.13E-06
15365.74343;-0.000386465;-5.33E-05;-8.00E-06;-2.13E-06;-2.13E-06
15430.30538;-0.000384306;-5.30E-05;-7.96E-06;-2.13E-06;-2.13E-06
15494.86733;-0.000382145;-5.27E-05;-7.92E-06;-2.13E-06;-2.13E-06
15559.42927;-0.000379984;-5.24E-05;-7.88E-06;-2.12E-06;-2.12E-06
15623.99122;-0.000377822;-5.21E-05;-7.84E-06;-2.12E-06;-2.12E-06
15688.55317;-0.00037566;-5.18E-05;-7.80E-06;-2.12E-06;-2.12E-06
15753.11511;-0.000373497;-5.15E-05;-7.76E-06;-2.11E-06;-2.11E-06
15817.67706;-0.000371335;-5.12E-05;-7.72E-06;-2.11E-06;-2.11E-06
15882.23901;-0.000369172;-5.09E-05;-7.68E-06;-2.11E-06;-2.11E-06
15946.80096;-0.00036701;-5.06E-05;-7.65E-06;-2.11E-06;-2.11E-06
16011.3629;-0.000364848;-5.04E-05;-7.61E-06;-2.10E-06;-2.10E-06
16075.92485;-0.000362686;-5.01E-05;-7.57E-06;-2.10E-06;-2.10E-06
16140.4868;-0.000360526;-4.98E-05;-7.53E-06;-2.10E-06;-2.10E-06
16205.04874;-0.000358366;-4.95E-05;-7.49E-06;-2.10E-06;-2.10E-06
16269.61069;-0.000356207;-4.92E-05;-7.45E-06;-2.09E-06;-2.09E-06
16334.17264;-0.000354049;-4.89E-05;-7.41E-06;-2.09E-06;-2.09E-06
16398.73459;-0.000351892;-4.86E-05;-7.37E-06;-2.09E-06;-2.09E-06
16463.29653;-0.000349737;-4.83E-05;-7.33E-06;-2.09E-06;-2.09E-06
16527.85848;-0.000347582;-4.80E-05;-7.29E-06;-2.08E-06;-2.08E-06
16592.42043;-0.00034543;-4.77E-05;-7.25E-06;-2.08E-06;-2.08E-06
16656.98237;-0.000343279;-4.75E-05;-7.22E-06;-2.08E-06;-2.08E-06
16721.54432;-0.00034113;-4.72E-05;-7.18E-06;-2.08E-06;-2.08E-06
16786.10627;-0.000338983;-4.69E-05;-7.14E-06;-2.08E-06;-2.08E-06
16850.66822;-0.000336837;-4.66E-05;-7.10E-06;-2.07E-06;-2.07E-06
16915.23016;-0.000334694;-4.63E-05;-7.06E-06;-2.07E-06;-2.07E-06
16979.79211;-0.000332552;-4.60E-05;-7.02E-06;-2.07E-06;-2.07E-06
17044.35406;-0.000330413;-4.57E-05;-6.98E-06;-2.07E-06;-2.07E-06
17108.916;-0.000328276;-4.54E-05;-6.94E-06;-2.07E-06;-2.07E-06
17173.47795;-0.000326142;-4.51E-05;-6.91E-06;-2.06E-06;-2.06E-06
17238.0399;-0.000324009;-4.49E-05;-6.87E-06;-2.06E-06;-2.06E-06
17302.60185;-0.00032188;-4.46E-05;-6.83E-06;-2.06E-06;-2.06E-06
17367.16379;-0.000319753;-4.43E-05;-6.79E-06;-2.06E-06;-2.06E-06
17431.72574;-0.000317628;-4.40E-05;-6.75E-06;-2.06E-06;-2.06E-06
17496.28769;-0.000315506;-4.37E-05;-6.71E-06;-2.05E-06;-2.05E-06
17560.84964;-0.000313387;-4.34E-05;-6.67E-06;-2.05E-06;-2.05E-06
17625.41158;-0.000311271;-4.31E-05;-6.64E-06;-2.05E-06;-2.05E-06
17689.97353;-0.000309158;-4.29E-05;-6.60E-06;-2.05E-06;-2.05E-06
17754.53548;-0.000307047;-4.26E-05;-6.56E-06;-2.05E-06;-2.05E-06
17819.09742;-0.00030494;-4.23E-05;-6.52E-06;-2.05E-06;-2.05E-06
17883.65937;-0.000302835;-4.20E-05;-6.48E-06;-2.04E-06;-2.04E-06
17948.22132;-0.000300734;-4.17E-05;-6.45E-06;-2.04E-06;-2.04E-06
18012.78327;-0.000298636;-4.14E-05;-6.41E-06;-2.04E-06;-2.04E-06
18077.34521;-0.000296541;-4.12E-05;-6.37E-06;-2.04E-06;-2.04E-06
18141.90716;-0.000294449;-4.09E-05;-6.33E-06;-2.04E-06;-2.04E-06
18206.46911;-0.000292361;-4.06E-05;-6.29E-06;-2.04E-06;-2.04E-06
18271.03105;-0.000290276;-4.03E-05;-6.26E-06;-2.04E-06;-2.04E-06
18335.593;-0.000288194;-4.00E-05;-6.22E-06;-2.03E-06;-2.03E-06
18400.15495;-0.000286116;-3.98E-05;-6.18E-06;-2.03E-06;-2.03E-06
18464.7169;-0.000284041;-3.95E-05;-6.14E-06;-2.03E-06;-2.03E-06
18529.27884;-0.00028197;-3.92E-05;-6.11E-06;-2.03E-06;-2.03E-06
18593.84079;-0.000279903;-3.89E-05;-6.07E-06;-2.03E-06;-2.03E-06
18658.40274;-0.000277839;-3.86E-05;-6.03E-06;-2.03E-06;-2.03E-06
18722.96468;-0.000275778;-3.84E-05;-5.99E-06;-2.03E-06;-2.03E-06
18787.52663;-0.000273722;-3.81E-05;-5.96E-06;-2.03E-06;-2.03E-06
18852.08858;-0.000271669;-3.78E-05;-5.92E-06;-2.02E-06;-2.02E-06
18916.65053;-0.00026962;-3.75E-05;-5.88E-06;-2.02E-06;-2.02E-06
18981.21247;-0.000267575;-3.73E-05;-5.84E-06;-2.02E-06;-2.02E-06
19045.77442;-0.000265533;-3.70E-05;-5.81E-06;-2.02E-06;-2.02E-06
19110.33637;-0.000263496;-3.67E-05;-5.77E-06;-2.02E-06;-2.02E-06
19174.89831;-0.000261462;-3.64E-05;-5.73E-06;-2.02E-06;-2.02E-06
19239.46026;-0.000259433;-3.62E-05;-5.70E-06;-2.02E-06;-2.02E-06
19304.02221;-0.000257407;-3.59E-05;-5.66E-06;-2.02E-06;-2.02E-06
19368.58416;-0.000255385;-3.56E-05;-5.62E-06;-2.02E-06;-2.02E-06
19433.1461;-0.000253368;-3.53E-05;-5.59E-06;-2.02E-06;-2.02E-06
19497.70805;-0.000251355;-3.51E-05;-5.55E-06;-2.02E-06;-2.02E-06
19562.27;-0.000249345;-3.48E-05;-5.51E-06;-2.01E-06;-2.01E-06
19626.83195;-0.00024734;-3.45E-05;-5.48E-06;-2.01E-06;-2.01E-06
19691.39389;-0.000245339;-3.43E-05;-5.44E-06;-2.01E-06;-2.01E-06
19755.95584;-0.000243343;-3.40E-05;-5.40E-06;-2.01E-06;-2.01E-06
19820.51779;-0.000241351;-3.37E-05;-5.37E-06;-2.01E-06;-2.01E-06
19885.07973;-0.000239363;-3.35E-05;-5.33E-06;-2.01E-06;-2.01E-06
19949.64168;-0.000237379;-3.32E-05;-5.30E-06;-2.01E-06;-2.01E-06
20014.20363;-0.0002354;-3.29E-05;-5.26E-06;-2.01E-06;-2.01E-06
20078.76558;-0.000233425;-3.27E-05;-5.22E-06;-2.01E-06;-2.01E-06
20143.32752;-0.000231455;-3.24E-05;-5.19E-06;-2.01E-06;-2.01E-06
20207.88947;-0.000229489;-3.21E-05;-5.15E-06;-2.01E-06;-2.01E-06
20272.45142;-0.000227527;-3.19E-05;-5.12E-06;-2.01E-06;-2.01E-06
20337.01336;-0.000225571;-3.16E-05;-5.08E-06;-2.01E-06;-2.01E-06
20401.57531;-0.000223618;-3.13E-05;-5.05E-06;-2.01E-06;-2.01E-06
20466.13726;-0.000221671;-3.11E-05;-5.01E-06;-2.01E-06;-2.01E-06
20530.69921;-0.000219728;-3.08E-05;-4.98E-06;-2.01E-06;-2.01E-06
20595.26115;-0.00021779;-3.06E-05;-4.94E-06;-2.01E-06;-2.01E-06
20659.8231;-0.000215857;-3.03E-05;-4.91E-06;-2.00E-06;-2.00E-06
20724.38505;-0.000213928;-3.00E-05;-4.87E-06;-2.00E-06;-2.00E-06
20788.94699;-0.000212004;-2.98E-05;-4.84E-06;-2.00E-06;-2.00E-06
20853.50894;-0.000210085;-2.95E-05;-4.80E-06;-2.00E-06;-2.00E-06
20918.07089;-0.000208171;-2.93E-05;-4.77E-06;-2.00E-06;-2.00E-06
20982.63284;-0.000206262;-2.90E-05;-4.73E-06;-2.00E-06;-2.00E-06
21047.19478;-0.000204358;-2.87E-05;-4.70E-06;-2.00E-06;-2.00E-06
21111.75673;-0.000202459;-2.85E-05;-4.66E-06;-2.00E-06;-2.00E-06
21176.31868;-0.000200564;-2.82E-05;-4.63E-06;-2.00E-06;-2.00E-06
21240.88062;-0.000198675;-2.80E-05;-4.59E-06;-2.00E-06;-2.00E-06
21305.44257;-0.000196791;-2.77E-05;-4.56E-06;-2.00E-06;-2.00E-06
21370.00452;-0.000194913;-2.75E-05;-4.53E-06;-2.00E-06;-2.00E-06
21434.56647;-0.000193039;-2.72E-05;-4.49E-06;-2.00E-06;-2.00E-06
21499.12841;-0.000191171;-2.70E-05;-4.46E-06;-2.00E-06;-2.00E-06
21563.69036;-0.000189308;-2.67E-05;-4.42E-06;-2.00E-06;-2.00E-06
21628.25231;-0.00018745;-2.65E-05;-4.39E-06;-2.00E-06;-2.00E-06
21692.81426;-0.000185597;-2.62E-05;-4.36E-06;-2.00E-06;-2.00E-06
21757.3762;-0.00018375;-2.60E-05;-4.32E-06;-2.00E-06;-2.00E-06
21821.93815;-0.000181909;-2.57E-05;-4.29E-06;-2.00E-06;-2.00E-06
21886.5001;-0.000180073;-2.55E-05;-4.26E-06;-2.00E-06;-2.00E-06
21951.06204;-0.000178242;-2.52E-05;-4.22E-06;-2.00E-06;-2.00E-06
22015.62399;-0.000176417;-2.50E-05;-4.19E-06;-2.00E-06;-2.00E-06
22080.18594;-0.000174598;-2.47E-05;-4.16E-06;-2.00E-06;-2.00E-06
22144.74789;-0.000172784;-2.45E-05;-4.12E-06;-2.00E-06;-2.00E-06
22209.30983;-0.000170976;-2.42E-05;-4.09E-06;-2.00E-06;-2.00E-06
22273.87178;-0.000169174;-2.40E-05;-4.06E-06;-2.00E-06;-2.00E-06
22338.43373;-0.000167377;-2.37E-05;-4.03E-06;-2.00E-06;-2.00E-06
22402.99567;-0.000165586;-2.35E-05;-3.99E-06;-2.00E-06;-2.00E-06
22467.55762;-0.000163801;-2.33E-05;-3.96E-06;-2.00E-06;-2.00E-06
22532.11957;-0.000162023;-2.30E-05;-3.93E-06;-2.00E-06;-2.00E-06
22596.68152;-0.00016025;-2.28E-05;-3.90E-06;-2.00E-06;-2.00E-06
22661.24346;-0.000158483;-2.25E-05;-3.87E-06;-2.00E-06;-2.00E-06
22725.80541;-0.000156722;-2.23E-05;-3.83E-06;-2.00E-06;-2.00E-06
22790.36736;-0.000154967;-2.21E-05;-3.80E-06;-2.00E-06;-2.00E-06
22854.9293;-0.000153219;-2.18E-05;-3.77E-06;-2.00E-06;-2.00E-06
22919.49125;-0.000151477;-2.16E-05;-3.74E-06;-2.00E-06;-2.00E-06
22984.0532;-0.000149741;-2.14E-05;-3.71E-06;-2.00E-06;-2.00E-06
23048.61515;-0.000148011;-2.11E-05;-3.68E-06;-2.00E-06;-2.00E-06
23113.17709;-0.000146288;-2.09E-05;-3.65E-06;-2.00E-06;-2.00E-06
23177.73904;-0.000144571;-2.07E-05;-3.62E-06;-2.00E-06;-2.00E-06
23242.30099;-0.00014286;-2.04E-05;-3.58E-06;-2.00E-06;-2.00E-06
23306.86293;-0.000141156;-2.02E-05;-3.55E-06;-2.00E-06;-2.00E-06
23371.42488;-0.000139459;-2.00E-05;-3.52E-06;-2.00E-06;-2.00E-06
23435.98683;-0.000137768;-1.97E-05;-3.49E-06;-2.00E-06;-2.00E-06
23500.54878;-0.000136085;-1.95E-05;-3.46E-06;-2.00E-06;-2.00E-06
23565.11072;-0.000134407;-1.93E-05;-3.43E-06;-2.00E-06;-2.00E-06
23629.67267;-0.000132737;-1.91E-05;-3.40E-06;-2.00E-06;-2.00E-06
23694.23462;-0.000131073;-1.88E-05;-3.37E-06;-2.00E-06;-2.00E-06
23758.79657;-0.000129417;-1.86E-05;-3.34E-06;-2.00E-06;-2.00E-06
23823.35851;-0.000127767;-1.84E-05;-3.31E-06;-2.00E-06;-2.00E-06
23887.92046;-0.000126125;-1.82E-05;-3.29E-06;-2.00E-06;-2.00E-06
23952.48241;-0.000124489;-1.79E-05;-3.26E-06;-2.00E-06;-2.00E-06
24017.04435;-0.000122861;-1.77E-05;-3.23E-06;-2.00E-06;-2.00E-06
24081.6063;-0.00012124;-1.75E-05;-3.20E-06;-2.00E-06;-2.00E-06
24146.16825;-0.000119626;-1.73E-05;-3.17E-06;-2.00E-06;-2.00E-06
24210.7302;-0.00011802;-1.71E-05;-3.14E-06;-2.00E-06;-2.00E-06
24275.29214;-0.00011642;-1.68E-05;-3.11E-06;-2.00E-06;-2.00E-06
24339.85409;-0.000114829;-1.66E-05;-3.09E-06;-2.00E-06;-2.00E-06
24404.41604;-0.000113245;-1.64E-05;-3.06E-06;-2.00E-06;-2.00E-06
24468.97798;-0.000111668;-1.62E-05;-3.03E-06;-2.00E-06;-2.00E-06
24533.53993;-0.0001101;-1.60E-05;-3.00E-06;-2.00E-06;-2.00E-06
24598.10188;-0.000108538;-1.58E-05;-2.98E-06;-2.00E-06;-2.00E-06
24662.66383;-0.000106985;-1.56E-05;-2.95E-06;-2.00E-06;-2.00E-06
24727.22577;-0.00010544;-1.53E-05;-2.92E-06;-2.00E-06;-2.00E-06
24791.78772;-0.000103902;-1.51E-05;-2.90E-06;-2.00E-06;-2.00E-06
24856.34967;-0.000102372;-1.49E-05;-2.87E-06;-2.00E-06;-2.00E-06
24920.91161;-0.000100851;-1.47E-05;-2.84E-06;-2.00E-06;-2.00E-06
24985.47356;-9.93E-05;-1.45E-05;-2.82E-06;-2.00E-06;-2.00E-06
25050.03551;-9.78E-05;-1.43E-05;-2.79E-06;-2.00E-06;-2.00E-06
25114.59746;-9.63E-05;-1.41E-05;-2.77E-06;-2.00E-06;-2.00E-06
25179.1594;-9.48E-05;-1.39E-05;-2.74E-06;-2.00E-06;-2.00E-06
25243.72135;-9.34E-05;-1.37E-05;-2.72E-06;-2.00E-06;-2.00E-06
25308.2833;-9.19E-05;-1.35E-05;-2.69E-06;-2.00E-06;-2.00E-06
25372.84525;-9.04E-05;-1.33E-05;-2.67E-06;-2.00E-06;-2.00E-06
25437.40719;-8.90E-05;-1.31E-05;-2.64E-06;-2.00E-06;-2.00E-06
25501.96914;-8.75E-05;-1.29E-05;-2.62E-06;-2.00E-06;-2.00E-06
25566.53109;-8.61E-05;-1.27E-05;-2.60E-06;-2.00E-06;-2.00E-06
25631.09303;-8.47E-05;-1.25E-05;-2.57E-06;-2.00E-06;-2.00E-06
25695.65498;-8.32E-05;-1.23E-05;-2.55E-06;-2.00E-06;-2.00E-06
25760.21693;-8.18E-05;-1.21E-05;-2.53E-06;-2.00E-06;-2.00E-06
25824.77888;-8.04E-05;-1.19E-05;-2.51E-06;-2.00E-06;-2.00E-06
25889.34082;-7.90E-05;-1.17E-05;-2.48E-06;-2.00E-06;-2.00E-06
25953.90277;-7.77E-05;-1.16E-05;-2.46E-06;-2.00E-06;-2.00E-06
26018.46472;-7.63E-05;-1.14E-05;-2.44E-06;-2.00E-06;-2.00E-06
26083.02666;-7.49E-05;-1.12E-05;-2.42E-06;-2.00E-06;-2.00E-06
26147.58861;-7.36E-05;-1.10E-05;-2.40E-06;-2.00E-06;-2.00E-06
26212.15056;-7.22E-05;-1.08E-05;-2.38E-06;-2.00E-06;-2.00E-06
26276.71251;-7.09E-05;-1.06E-05;-2.36E-06;-2.00E-06;-2.00E-06
26341.27445;-6.96E-05;-1.04E-05;-2.34E-06;-2.00E-06;-2.00E-06
26405.8364;-6.82E-05;-1.03E-05;-2.32E-06;-2.00E-06;-2.00E-06
26470.39835;-6.69E-05;-1.01E-05;-2.30E-06;-2.00E-06;-2.00E-06
26534.96029;-6.56E-05;-9.91E-06;-2.29E-06;-2.00E-06;-2.00E-06
26599.52224;-6.43E-05;-9.73E-06;-2.27E-06;-2.00E-06;-2.00E-06
26664.08419;-6.31E-05;-9.56E-06;-2.25E-06;-2.00E-06;-2.00E-06
26728.64614;-6.18E-05;-9.38E-06;-2.24E-06;-2.00E-06;-2.00E-06
26793.20808;-6.05E-05;-9.21E-06;-2.22E-06;-2.00E-06;-2.00E-06
26857.77003;-5.93E-05;-9.04E-06;-2.21E-06;-2.00E-06;-2.00E-06
26922.33198;-5.81E-05;-8.87E-06;-2.19E-06;-2.00E-06;-2.00E-06
26986.89392;-5.68E-05;-8.70E-06;-2.18E-06;-2.00E-06;-2.00E-06
27051.45587;-5.56E-05;-8.53E-06;-2.16E-06;-2.00E-06;-2.00E-06
27116.01782;-5.44E-05;-8.37E-06;-2.15E-06;-2.00E-06;-2.00E-06
27180.57977;-5.32E-05;-8.20E-06;-2.14E-06;-2.00E-06;-2.00E-06
27245.14171;-5.20E-05;-8.04E-06;-2.13E-06;-2.00E-06;-2.00E-06
27309.70366;-5.09E-05;-7.88E-06;-2.11E-06;-2.00E-06;-2.00E-06
27374.26561;-4.97E-05;-7.72E-06;-2.10E-06;-2.00E-06;-2.00E-06
27438.82756;-4.86E-05;-7.56E-06;-2.09E-06;-2.00E-06;-2.00E-06
27503.3895;-4.74E-05;-7.40E-06;-2.08E-06;-2.00E-06;-2.00E-06
27567.95145;-4.63E-05;-7.24E-06;-2.08E-06;-2.00E-06;-2.00E-06
27632.5134;-4.52E-05;-7.09E-06;-2.07E-06;-2.00E-06;-2.00E-06
27697.07534;-4.41E-05;-6.94E-06;-2.06E-06;-2.00E-06;-2.00E-06
27761.63729;-4.30E-05;-6.79E-06;-2.05E-06;-2.00E-06;-2.00E-06
27826.19924;-4.19E-05;-6.64E-06;-2.05E-06;-2.00E-06;-2.00E-06
27890.76119;-4.08E-05;-6.49E-06;-2.04E-06;-2.00E-06;-2.00E-06
27955.32313;-3.98E-05;-6.34E-06;-2.03E-06;-2.00E-06;-2.00E-06
28019.88508;-3.87E-05;-6.20E-06;-2.03E-06;-2.00E-06;-2.00E-06
28084.44703;-3.77E-05;-6.05E-06;-2.02E-06;-2.00E-06;-2.00E-06
28149.00897;-3.67E-05;-5.91E-06;-2.02E-06;-2.00E-06;-2.00E-06
28213.57092;-3.57E-05;-5.77E-06;-2.02E-06;-2.00E-06;-2.00E-06
28278.13287;-3.47E-05;-5.63E-06;-2.01E-06;-2.00E-06;-2.00E-06
28342.69482;-3.37E-05;-5.50E-06;-2.01E-06;-2.00E-06;-2.00E-06
28407.25676;-3.27E-05;-5.36E-06;-2.01E-06;-2.00E-06;-2.00E-06
28471.81871;-3.17E-05;-5.23E-06;-2.01E-06;-2.00E-06;-2.00E-06
28536.38066;-3.08E-05;-5.10E-06;-2.00E-06;-2.00E-06;-2.00E-06
28600.9426;-2.99E-05;-4.97E-06;-2.00E-06;-2.00E-06;-2.00E-06
28665.50455;-2.89E-05;-4.84E-06;-2.00E-06;-2.00E-06;-2.00E-06
28730.0665;-2.80E-05;-4.71E-06;-2.00E-06;-2.00E-06;-2.00E-06
28794.62845;-2.71E-05;-4.59E-06;-2.00E-06;-2.00E-06;-2.00E-06
28859.19039;-2.62E-05;-4.46E-06;-2.00E-06;-2.00E-06;-2.00E-06
28923.75234;-2.54E-05;-4.34E-06;-2.00E-06;-2.00E-06;-2.00E-06
28988.31429;-2.45E-05;-4.23E-06;-2.00E-06;-2.00E-06;-2.00E-06
29052.87623;-2.37E-05;-4.11E-06;-2.00E-06;-2.00E-06;-2.00E-06
29117.43818;-2.28E-05;-3.99E-06;-2.00E-06;-2.00E-06;-2.00E-06
29182.00013;-2.20E-05;-3.88E-06;-2.00E-06;-2.00E-06;-2.00E-06
29246.56208;-2.12E-05;-3.77E-06;-2.00E-06;-2.00E-06;-2.00E-06
29311.12402;-2.04E-05;-3.66E-06;-2.00E-06;-2.00E-06;-2.00E-06
29375.68597;-1.96E-05;-3.56E-06;-2.00E-06;-2.00E-06;-2.00E-06
29440.24792;-1.89E-05;-3.45E-06;-2.00E-06;-2.00E-06;-2.00E-06
29504.80987;-1.81E-05;-3.35E-06;-2.00E-06;-2.00E-06;-2.00E-06
29569.37181;-1.74E-05;-3.25E-06;-2.00E-06;-2.00E-06;-2.00E-06
29633.93376;-1.67E-05;-3.15E-06;-2.00E-06;-2.00E-06;-2.00E-06
29698.49571;-1.60E-05;-3.06E-06;-2.00E-06;-2.00E-06;-2.00E-06
29763.05765;-1.53E-05;-2.97E-06;-2.00E-06;-2.00E-06;-2.00E-06
29827.6196;-1.46E-05;-2.88E-06;-2.00E-06;-2.00E-06;-2.00E-06
29892.18155;-1.39E-05;-2.79E-06;-2.00E-06;-2.00E-06;-2.00E-06
29956.7435;-1.33E-05;-2.71E-06;-2.00E-06;-2.00E-06;-2.00E-06
30021.30544;-1.26E-05;-2.63E-06;-2.00E-06;-2.00E-06;-2.00E-06
30085.86739;-1.20E-05;-2.55E-06;-2.00E-06;-2.00E-06;-2.00E-06
30150.42934;-1.14E-05;-2.48E-06;-2.00E-06;-2.00E-06;-2.00E-06
30214.99128;-1.08E-05;-2.41E-06;-2.00E-06;-2.00E-06;-2.00E-06
30279.55323;-1.03E-05;-2.35E-06;-2.00E-06;-2.00E-06;-2.00E-06
30344.11518;-9.70E-06;-2.29E-06;-2.00E-06;-2.00E-06;-2.00E-06
30408.67713;-9.16E-06;-2.23E-06;-2.00E-06;-2.00E-06;-2.00E-06
30473.23907;-8.63E-06;-2.18E-06;-2.00E-06;-2.00E-06;-2.00E-06
30537.80102;-8.12E-06;-2.14E-06;-2.00E-06;-2.00E-06;-2.00E-06
30602.36297;-7.63E-06;-2.10E-06;-2.00E-06;-2.00E-06;-2.00E-06
30666.92491;-7.15E-06;-2.07E-06;-2.00E-06;-2.00E-06;-2.00E-06
30731.48686;-6.68E-06;-2.04E-06;-2.00E-06;-2.00E-06;-2.00E-06
30796.04881;-6.24E-06;-2.02E-06;-2.00E-06;-2.00E-06;-2.00E-06
30860.61076;-5.80E-06;-2.01E-06;-2.00E-06;-2.00E-06;-2.00E-06
30925.1727;-5.39E-06;-2.00E-06;-2.00E-06;-2.00E-06;-2.00E-06
30989.73465;-4.99E-06;-1.99E-06;-2.00E-06;-2.00E-06;-2.00E-06
31054.2966;-4.62E-06;-1.99E-06;-2.00E-06;-2.00E-06;-2.00E-06
31118.85854;-4.25E-06;-1.98E-06;-2.00E-06;-2.00E-06;-2.00E-06
31183.42049;-3.91E-06;-1.98E-06;-2.00E-06;-2.00E-06;-2.00E-06
31247.98244;-3.59E-06;-1.98E-06;-2.00E-06;-2.00E-06;-2.00E-06
31312.54439;-3.28E-06;-1.98E-06;-2.00E-06;-2.00E-06;-2.00E-06
31377.10633;-3.00E-06;-1.98E-06;-2.00E-06;-2.00E-06;-2.00E-06
31441.66828;-2.74E-06;-1.98E-06;-2.00E-06;-2.00E-06;-2.00E-06
31506.23023;-2.51E-06;-1.98E-06;-2.00E-06;-2.00E-06;-2.00E-06
31570.79218;-2.31E-06;-1.98E-06;-2.00E-06;-2.00E-06;-2.00E-06
31635.35412;-2.14E-06;-1.98E-06;-2.00E-06;-2.00E-06;-2.00E-06
31699.91607;-2.03E-06;-1.98E-06;-2.00E-06;-2.00E-06;-2.00E-06
31764.47802;-1.96E-06;-1.98E-06;-2.00E-06;1.00E-15;1.00E-15
31829.03996;-1.93E-06;-1.98E-06;-2.00E-06;1.00E-15;1.00E-15
31893.60191;-1.92E-06;-1.98E-06;-2.00E-06;1.00E-15;1.00E-15
31958.16386;-1.92E-06;-1.98E-06;-2.00E-06;1.00E-15;1.00E-15
32022.72581;-1.92E-06;-1.98E-06;-2.00E-06;1.00E-15;1.00E-15
32087.28775;-1.92E-06;-1.98E-06;1.00E-15;1.00E-15;1.00E-15
32151.8497;-1.92E-06;-1.98E-06;1.00E-15;1.00E-15;1.00E-15
32216.41165;1.00E-15;1.00E-15;1.00E-15;1.00E-15;1.00E-15
