0.117110503;414.9894939;0.118342241;416.9073548;0.123249487;424.4151284;0.129349221;433.4885561;;
0.281723647;423.7860296;0.284726151;425.8100952;0.296660974;433.6712547;0.311448298;443.0662384;;
0.400125673;401.0418217;0.404516757;403.1173935;0.421917855;411.1253737;0.443383038;420.5989595;;
0.534408724;407.3716881;0.540472098;409.5956331;0.564443888;418.1400635;0.593911888;428.180234;;
0.660773131;402.854527;0.668481657;405.1421681;0.698889621;413.8978188;0.736144409;424.1217225;;
0.788405554;401.3355686;0.797840067;403.7215958;0.834984171;412.8285496;0.880356619;423.4112085;;
0.912208002;398.0723477;0.923416946;400.5458439;0.967469614;409.9646749;1.021134082;420.8636971;;
1.034766341;396.06523;1.047801593;398.6182655;1.098951543;408.3218623;1.161107034;419.5112673;;
1.155315305;393.7300762;1.170224671;396.3604443;1.228646137;406.3425243;1.299476365;417.8186759;;
1.274145599;391.5705177;1.290975314;394.2745497;1.356838071;404.5230904;1.436524168;416.2755967;;
1.391221409;389.4243636;1.410015488;392.1992818;1.483482069;402.7052909;1.572198832;414.7266875;;
1.506601385;387.3338632;1.527401943;390.1770059;1.608628818;400.9317081;1.706546041;413.214442;;
1.620311878;385.2797722;1.643159166;388.1888053;1.732296757;399.1844536;1.839579076;411.7218047;;
1.732385273;383.2623329;1.7573178;386.235143;1.854510849;397.4646556;1.97131804;410.2503834;;
1.842849328;381.2769791;1.86990395;384.3116651;1.975291774;395.76862;2.101778915;408.7969911;;
1.951730812;379.3213381;1.980942824;382.4161769;2.094659582;394.0947057;2.230977232;407.3604104;;
2.059054841;377.3929996;2.09045806;380.5464251;2.21263299;392.4411544;2.358927363;405.9392675;;
2.164845368;375.4900422;2.19847221;378.7006253;2.329229861;390.8066125;2.48564298;404.5325522;;
2.269125276;373.6107651;2.305006829;376.8771984;2.44446727;389.1899056;2.611137121;403.1394002;;
2.37191652;371.7537813;2.410082614;375.0748639;2.558361656;387.5900427;2.73542233;401.7591107;;
2.4732403;369.9176196;2.513719569;373.2922532;2.670928894;386.0062022;2.858510749;400.3910993;;
2.573116904;368.1020246;2.615936848;371.5291773;2.782184444;384.4375948;2.980414174;399.0349124;;
2.671566744;366.3028518;2.716753785;369.7816514;2.892143163;382.8839117;3.10114419;397.6900882;;
2.768606696;364.5315065;2.816186246;368.0608462;3.00082034;381.3434508;3.220711961;396.3566183;;
2.864264656;362.7404223;2.914261116;366.3204273;3.108227936;379.8204424;3.339129271;395.0330579;;
2.95852321;361.1081653;3.010960217;364.7345823;3.214389403;378.2961178;3.45640467;393.7239023;;
3.051538497;358.9487596;3.106438218;362.6342942;3.319282326;376.8423607;3.572558592;392.4105736;;
3.142792123;358.8815689;3.200178199;362.574615;3.423060892;375.1759521;3.687564865;391.1650427;;
3.234373862;353.447758;3.294260246;357.3015598;3.525194905;374.4027802;3.801577209;389.7055147;;
3.318292176;350.2782523;3.380726467;353.9649923;3.627798116;370.2001648;3.914053737;389.1302417;;
3.406054905;356.1338259;3.471034639;360.6367802;3.722777625;367.6474178;4.027137307;385.158147;;
3.497764958;353.2005117;3.565286622;357.1586878;3.821771902;373.4706931;4.132618596;382.8468766;;
3.581462929;348.5784369;3.651573797;351.8429791;3.924878265;370.4668094;4.242301857;388.705714;;
3.665791037;347.7877272;3.738500724;351.9751573;4.020010716;365.339992;4.356254886;385.9429799;;
3.74837993;345.9409304;3.823707709;349.9367826;4.115893635;365.608685;4.462247659;381.1134216;;
3.829903133;344.4057948;3.907864892;348.5094041;4.210133332;363.759601;4.569126621;381.5069429;;
3.9101937;342.8003487;3.990805578;346.9307268;4.303405956;362.5046679;4.674452016;379.8675574;;
3.98931625;341.2308651;4.072593665;345.4094045;4.395540629;361.1014448;4.778909475;378.796917;;
4.067271294;339.6675304;4.153229234;343.8881016;4.486599794;359.7530568;4.882323081;377.5832877;;
4.144076726;338.1184495;4.232729703;342.3823385;4.576581482;358.4038257;4.984754139;376.421337;;
4.219745399;336.5811464;4.311107481;340.8877037;4.665501297;357.0688861;5.086198589;375.2578106;;
4.2942913;335.056273;4.388376129;339.405252;4.753369862;355.7440114;5.186670276;374.1072388;;
4.367727866;333.5430358;4.46454867;337.9345544;4.840199024;354.4302754;5.286178047;372.9656252;;
4.440068452;332.0422402;4.539638066;336.4755963;4.926000155;353.1273076;5.384732045;371.834032;;
4.511326211;330.5532234;4.613657088;335.028266;5.010784616;351.8351332;5.482341975;370.7121374;;
4.581514137;329.0757243;4.686618363;333.5924572;5.094563634;350.5536736;5.579017584;369.6000043;;
4.650645059;327.6100538;4.758534364;332.1681682;5.177348336;349.2828827;5.674768531;368.4975835;;
4.71873165;326.1556634;4.829417418;330.7550534;5.259149746;348.0227078;5.76960441;367.404854;;
4.78578643;324.7129992;4.899279714;329.3534738;5.339978784;346.7731009;5.863534755;366.3217911;;
4.851821778;323.2817343;4.968133302;327.963264;5.419846271;345.5340128;5.956569032;365.2483664;;
4.916849909;321.8618183;5.035990097;326.5838304;5.498762928;344.3054108;6.048716642;364.1845557;;
4.980882954;320.4529901;5.102861888;325.2157422;5.576739381;343.0872054;6.139986924;363.1303335;;
5.043932675;319.0558447;5.168760335;323.8587385;5.653786159;341.8795114;6.230389151;362.0856708;;
5.106011609;317.6684954;5.233696978;322.5125848;5.729913699;340.6817809;6.319932528;361.0505401;;
5.16712906;316.2966599;5.297683236;321.1775355;5.805132343;339.4948896;6.408626198;360.024916;;
5.227304343;314.9327766;5.360730415;319.853342;5.879452345;338.3182969;6.496479239;359.0087703;;
5.286537415;313.5695771;5.422849688;318.5400028;5.95288387;337.1512068;6.583500665;358.0020764;;
5.344838878;312.2348627;5.484052171;317.2374099;6.025436993;335.9950292;6.669699427;357.0048085;;
5.402241459;310.9078406;5.544348664;315.9460012;6.097121706;334.8489568;6.755084413;356.0169391;;
5.45873088;309.5793111;5.603750709;314.6639517;6.167947915;333.7124704;6.839664446;355.0384423;;
5.514328998;308.2746889;5.662266711;313.3969995;6.237925443;332.5867089;6.923448291;354.0692918;;
5.569051135;306.9755184;5.719914923;312.1357073;6.307064032;331.4709543;7.006444648;353.1094621;;
5.622897418;305.6865617;5.776692331;310.880405;6.375373345;330.3648025;7.088662158;352.1589275;;
5.675888512;304.4110311;5.832617538;309.6481929;6.442862963;329.2690728;7.170109401;351.2176652;;
5.728028153;303.1431351;5.88770741;308.4237733;6.509542395;328.1833284;7.250794898;350.2856442;;
5.779330108;301.8878838;5.941962441;307.2020212;6.57542105;327.1073464;7.330727108;349.3628703;;
5.829803751;300.6426969;5.995393343;305.9937347;6.640508313;326.0413231;7.409914436;348.449201;;
5.879459704;299.4082441;6.048013149;304.8002914;6.704813258;324.9856882;7.488365224;347.5450274;;
5.928307965;298.1846336;6.099833909;303.6147344;6.768345845;323.9383355;7.566087761;346.6489848;;
5.976359065;296.9713471;6.150860493;302.4390567;6.831112606;322.9057016;7.643090276;345.7636159;;
6.023622453;295.7685047;6.20110708;301.2739967;6.893131019;321.8788265;7.719380941;344.8864782;;
6.070108006;294.5765155;6.250579277;300.1187344;6.95439663;320.8589885;7.794967876;344.0183433;;
6.115826438;293.3953567;6.299290154;298.9759968;7.014928485;319.850175;7.86985914;343.159855;;
6.160786831;292.2237431;6.347248283;297.8424584;7.07472673;318.8485476;7.944062743;342.3095484;;
6.204998767;291.0627323;6.394462826;296.7187309;7.133805739;317.8747635;8.017586635;341.4690654;;
6.248472154;289.9134661;6.440942866;295.6055046;7.192190355;316.8967378;8.090438715;340.6369945;;
6.291216346;288.7735109;6.48669823;294.5030483;7.249856238;315.9181161;8.162626828;339.8141034;;
6.333240706;287.6441926;6.531738197;293.4109431;7.306832593;314.9667977;8.234158767;339.0002831;;
6.374554612;286.5254684;6.576071866;292.3286564;7.363128346;314.0195096;8.30504227;338.1954184;;
6.415167273;285.4170935;6.619708041;291.2570106;7.41874475;313.0801024;8.375285021;337.399231;;
6.455087848;284.3187447;6.662655889;290.1954;7.473695226;312.1482972;8.444894657;336.6121359;;
6.494325402;283.2310992;6.704924371;289.1434102;7.52798062;311.2279638;8.513878725;335.833747;;
6.532888914;282.1540223;6.746522261;288.1024962;7.581618824;310.3208762;8.58224484;335.0642268;;
6.570787283;281.0864935;6.78745829;287.0720467;7.63461263;309.4184941;8.650000135;334.3044476;;
6.608029326;280.0297223;6.827741168;286.0502683;7.68696979;308.530543;8.717153551;333.5501282;;
6.644623771;278.9833269;6.867379463;285.0400064;7.738704393;307.6496043;8.783706962;332.8144078;;
6.68057927;277.9469529;6.906381702;284.0394281;7.789815403;306.774859;8.849685345;332.0766964;;
6.715904388;276.9208521;6.944756314;283.0485062;7.840315864;305.9150226;8.915064877;331.337173;;
6.750607621;275.9050372;6.982511659;282.0688795;7.890214782;305.0620661;8.979870617;330.6347243;;
6.78469731;274.8993963;7.019656015;281.0971361;7.939515751;304.2177996;9.044127377;329.9303741;;
6.818181971;273.9038716;7.05619758;280.137514;7.988229795;303.3850394;9.107811401;329.2220195;;
6.851069529;272.9182254;7.092144495;279.187635;8.036363657;302.5600622;9.170944744;328.5383919;;
6.883368167;271.9433934;7.127504752;278.2465609;8.083923896;301.7454864;9.233539529;327.8537914;;
6.915086712;270.9782865;7.162286419;277.3164028;8.130920396;300.9406887;9.295585628;327.1704778;;
6.946231921;270.0222566;7.196497271;276.3957532;8.177358191;300.1437918;9.357098037;326.5177182;;
6.976811971;269.0785986;7.230145152;275.4853271;8.223245721;299.3567426;9.418102693;325.8679343;;
7.00683681;268.143444;7.263237907;274.5848804;8.268590513;298.5790474;9.47858042;325.2005131;;
7.036310481;267.2164655;7.295783255;273.6938431;8.313399607;297.8113471;9.538531718;324.5663998;;
7.065242492;266.3035896;7.327788186;272.8126931;8.357680251;297.0525713;9.598000134;323.9470822;;
7.093642787;265.3995122;7.35926086;271.9425717;8.40143949;296.3022216;9.656963179;323.314827;;
7.121515331;264.5026638;7.390209299;271.080373;8.444684523;295.5618839;9.715430417;322.7053334;;
7.148868353;263.6172185;7.420638287;270.2291248;8.487422425;294.8306123;9.773422969;322.1000463;;
7.17570991;262.740829;7.450558905;269.3882944;8.529660065;294.1087261;9.83092769;321.5008782;;
7.202045727;261.8762598;7.479975222;268.5540328;8.571404416;293.3956518;9.887967922;320.917839;;
7.2278865;261.0220758;7.508894251;267.7340852;8.612662307;292.6919797;9.944542684;320.3334177;;
7.25323637;260.1786795;7.537327882;266.9237876;8.653440533;291.9973235;10.00065394;319.7592229;;
7.278106307;259.3408836;7.565278209;266.1158635;8.693745821;291.3115288;10.05631466;319.198943;;
7.302495159;258.5068609;7.59274961;265.3210832;8.73358484;290.635036;10.11153167;318.6452259;;
7.326412016;257.7025972;7.619755032;264.544014;8.7729642;289.9674054;10.16630748;318.0972746;;
7.349881224;256.8932341;7.646303309;263.7729619;8.81189045;289.3092218;10.22064921;317.5561905;;
7.372877349;256.0867731;7.672395431;262.9985539;8.850370084;288.6592679;10.27456322;317.0272117;;
7.395432592;255.3162344;7.698030724;262.241449;8.888409528;288.0187367;10.32805779;316.5044567;;
7.417553642;254.5236081;7.723230867;261.5056095;8.926015161;287.387681;10.38113341;315.9911253;;
7.439215942;253.7483166;7.747998945;260.7718407;8.963193299;286.7646481;10.43380495;315.4864281;;
7.460464546;253.0104373;7.77233733;260.0426506;8.999950226;286.1505325;10.4860688;314.9855305;;
7.481294133;252.2568234;7.796251529;259.323283;9.036292062;285.5453721;10.53793652;314.497063;;
7.501698162;251.5151966;7.819749057;258.6085278;9.072224991;284.9504668;10.58941343;314.0155087;;
7.521698057;250.7776228;7.842830129;257.9192367;9.107755252;284.3630534;10.64050391;313.5418268;;
7.54127952;250.0784345;7.865522766;257.2367168;9.142888714;283.78325;10.69121458;313.0753578;;
7.560496763;249.3947217;7.887808536;256.540593;9.177631031;283.2139576;10.74155072;312.617241;;
7.579313287;248.6056121;7.909695455;255.8817713;9.211989005;282.6531053;10.79151904;312.1677528;;
7.597668185;247.9070364;7.931214876;255.2263951;9.245967839;282.0999218;10.84112358;311.7254415;;
7.615711543;247.3198885;7.952341535;254.5660796;9.279572793;281.5564644;10.89037125;311.2917107;;
7.63340148;246.624321;7.973098532;253.9274073;9.312811347;281.0217836;10.93926709;310.8643587;;
7.650679819;245.9327885;7.993486414;253.2938353;9.345687622;280.4951163;10.98781671;310.4461478;;
7.667611286;245.2919447;8.013512086;252.6704351;9.378208224;279.9765152;11.03602538;310.0352592;;
7.684181408;244.6436309;8.033180923;252.0560997;9.41037727;279.4662933;11.0838987;309.6316876;;
7.700400107;244.008451;8.052498622;251.4509933;9.442201616;278.9671278;11.13144191;309.2363132;;
7.716272116;243.3823027;8.071470687;250.8550135;9.473688163;278.4738168;11.1786604;308.8488549;;
7.731803337;242.7657009;8.090102595;250.2682185;9.504838156;277.9915374;11.22555945;308.4682338;;
7.746999085;242.1584932;8.108399757;249.690472;9.535663926;277.5145293;11.27214426;308.0953208;;
7.761864703;241.5602242;8.126367536;249.1218297;9.566160544;277.0449733;11.31842004;307.7307197;;
7.776405452;240.971307;8.144011237;248.5623123;9.5963426;276.5883911;11.36439191;307.3725114;;
7.790626553;240.3915429;8.161336115;248.0117152;9.626210914;276.1392547;11.41006499;307.0227746;;
7.804533182;239.821082;8.178347369;247.4701875;9.655774188;275.6953709;11.45544434;306.6799518;;
7.818130465;239.259604;8.195050147;246.9377158;9.685030855;275.2590627;11.50053495;306.3444322;;
7.831423477;238.7073629;8.211449544;246.414143;9.713992036;274.8378549;11.54534182;306.0163313;;
7.844417244;238.1644145;8.227550603;245.8995533;9.742663964;274.4131207;11.58986985;305.6957045;;
7.857116741;237.6300802;8.243358319;245.3937949;9.771038201;274.0131893;11.63412395;305.3822147;;
7.86952689;237.1058074;8.258877633;244.8971504;9.799150568;273.6167036;11.67810894;305.0763458;;
7.881652564;236.5898945;8.274113441;244.4091791;9.826970215;273.2039533;11.72182963;304.777433;;
7.893498588;236.0827859;8.289070587;243.9298544;9.854512386;272.8202652;11.76529078;304.4849559;;
7.905069738;235.5850112;8.30375387;243.4595707;9.881793447;272.4506136;11.8084971;304.2010241;;
7.916370741;235.096292;8.318168038;242.9983583;9.908812897;272.0866842;11.85145325;303.9228282;;
7.92740628;234.6167487;8.332317796;242.5453993;9.935578379;271.722792;11.8941639;303.6517206;;
7.938180989;234.1458371;8.3462078;242.1010193;9.962083477;271.3649519;11.93663359;303.3889107;;
7.948699459;233.6839553;8.359842664;241.6662419;9.988342035;271.0210896;11.97886692;303.1317287;;
7.958966235;233.2309454;8.373226952;241.2394247;10.0143558;270.6824545;12.02086839;302.8826909;;
7.968985818;232.7867877;8.386365188;240.8210335;10.0401295;270.35494;12.06264241;302.6397443;;
7.978762665;232.3516018;8.399261848;240.4114282;10.06567094;270.0226125;12.10419326;302.402864;;
7.98830119;231.9246284;8.411921368;240.0105059;10.09096835;269.7282077;12.14552594;302.1739074;;
7.997605765;231.5079522;8.424348137;239.6182664;10.11607357;269.4459655;12.18664397;301.9506605;;
8.006680718;231.099663;8.436546503;239.2342076;10.14094816;269.0644447;12.22755199;301.7357645;;
8.015530337;230.696706;8.448520772;238.8587059;10.16552945;268.765664;12.26825513;301.5248296;;
8.024158866;230.3054274;8.460275206;238.4915566;10.18996608;268.5690478;12.30875547;301.3221611;;
8.03257051;229.9237588;8.471814026;238.1329047;10.21421497;268.2710397;12.34905901;301.1276548;;
8.040769432;229.5488012;8.48314141;237.7820111;10.23821603;267.9749565;12.38917003;300.9367222;;
8.048759753;229.183095;8.494261496;237.4409367;10.2620322;267.7244515;12.42909133;300.753355;;
8.056545556;228.8257393;8.505178379;237.1068765;10.28564791;267.4659962;12.46882781;300.5765883;;
8.064130881;228.4768715;8.515896114;236.7805951;10.30907138;267.2180245;12.50838349;300.4052221;;
8.07151973;228.1364118;8.526418715;236.4616797;10.33230584;266.9769499;12.54776114;300.2428432;;
8.078716062;227.8043328;8.536750153;236.1535445;10.35535573;266.743306;12.58696902;300.0834366;;
8.085723799;227.4805828;8.54689436;235.852171;10.37822491;266.5166265;12.62600298;299.9289369;;
8.092546821;227.1651111;8.556855226;235.556529;10.40091727;266.2970134;12.6648735;299.7886335;;
8.099188968;226.8578647;8.566636601;235.2739421;10.42343664;266.0841999;12.70358697;299.6450604;;
8.105654041;226.558789;8.576242295;234.9946634;10.44578684;265.8781912;12.74213393;299.5060953;;
8.1119458;226.2678278;8.585676073;234.7238826;10.46797162;265.6793315;12.78052976;299.3902808;;
8.118067966;225.9849236;8.594941665;234.4629891;10.48999473;265.486881;12.81878611;299.2640912;;
8.124024217;225.7100166;8.604042755;234.2080102;10.51185985;265.3012266;12.85688011;299.1411688;;
8.129818194;225.4430454;8.612982988;233.9612371;10.53357063;265.1225234;12.89483896;299.0395346;;
8.135453496;225.1839471;8.621765968;233.7219039;10.55513069;264.9500943;12.93266029;298.9342652;;
8.140933681;224.9326559;8.630395258;233.4900953;10.5765436;264.7841468;12.97034291;298.8294719;;
8.146262266;224.6891049;8.638874378;233.2657062;10.59781288;264.6247434;13.00788909;298.7339228;;
8.151442729;224.4532251;8.647206807;233.0486827;10.61894202;264.4722794;13.04530765;298.6648549;;
8.156478503;224.2249452;8.655395984;232.8389512;10.63993446;264.3253658;13.08262041;298.5695134;;
8.161372983;224.0041927;8.663445305;232.6364404;10.6607936;264.1849369;13.11977616;298.481125;;
8.166129521;223.7908925;8.671358122;232.441076;10.6815228;264.0512528;13.15683454;298.4351436;;
8.170751427;223.5849681;8.679137746;232.2527831;10.70212538;263.9230661;13.19378461;298.3587982;;
8.175241968;223.3863415;8.686787448;232.0714853;10.72260461;263.8011744;13.23060327;298.3018603;;
8.17960437;223.1949322;8.694310453;231.8971046;10.74296372;263.6851499;13.26733613;298.2354763;;
8.183841815;223.0106584;8.701709944;231.7295619;10.76320592;263.5751039;13.30392727;298.175507;;
8.187957442;222.8334369;8.708989061;231.5687768;10.78333434;263.4716635;13.34044036;298.1726941;;
8.191954346;222.6631824;8.716150901;231.4146674;10.8033521;263.3735901;13.37687709;298.1224755;;
8.195835582;222.4998084;8.723198517;231.2671509;10.82326227;263.2800275;13.41318231;298.0467802;;
8.199604156;222.3432265;8.730134919;231.126143;10.84306786;263.1933329;13.44938262;298.0484021;;
8.203263032;222.1933475;8.736963072;230.9915583;10.86277187;263.112579;13.48553965;298.0275091;;
8.206815131;222.0500804;8.743685897;230.8633106;10.88237723;263.0366348;13.52156653;297.9735078;;
8.210263326;221.9133327;8.750306272;230.7413123;10.90188685;262.9664464;13.55751292;297.991424;;
8.213610448;221.7830113;8.756827028;230.6254754;10.92130358;262.901431;13.59341114;298.0074741;;
8.216859281;221.6590216;8.763250954;230.5157107;10.94063024;262.8420173;13.62922714;298.0023623;;
8.220012564;221.5412681;8.769580792;230.4119285;10.95986962;262.788706;13.66497122;297.9296465;;
8.22307299;221.429654;8.77581924;230.314038;10.97902443;262.7378731;13.70055662;297.9144117;;
8.226043206;221.3240821;8.781968951;230.2219483;10.99809738;262.6936391;13.73613568;298.0420853;;
8.228925813;221.2244544;8.788032532;230.135568;11.01709112;262.6570183;13.77171868;298.0130288;;
8.231723365;221.130672;8.794012547;230.054805;11.03600827;262.6206226;13.80711754;297.9850823;;
8.234438372;221.0426353;8.79991151;229.9795668;11.05485138;262.5912287;13.84252188;298.0562286;;
8.237073294;220.9602445;8.805731895;229.9097609;11.073623;262.567919;13.87785492;298.0342509;;
8.239630547;220.8833998;8.811476126;229.845295;11.09232562;262.5490718;13.91308789;298.095205;;
8.242112498;220.8120004;8.817146584;229.7860761;11.11096168;262.5330068;13.94834394;298.1514791;;
8.244521469;220.7459456;8.822745604;229.7320116;11.1295336;262.5233072;13.98349485;298.1588447;;
8.246859733;220.6851353;8.828275476;229.6830093;11.14804375;262.517312;14.0186135;298.213943;;
8.24912952;220.6294686;8.833738443;229.6389765;11.16649445;262.5161844;14.05368143;298.258989;;
8.251333008;220.5788451;8.839136706;229.5998219;11.18488801;262.5197482;14.08870578;298.3111746;;
8.253472333;220.5331652;8.844472418;229.5654539;11.20322668;262.525734;14.12368776;298.3668353;;
8.255549581;220.4923293;8.849747688;229.5357818;11.22151267;262.5391832;14.15863022;298.426899;;
8.257566793;220.4562382;8.85496458;229.5107156;11.23974816;262.5547108;14.19353538;298.4906346;;
8.259525964;220.4247937;8.860125115;229.4901659;11.25793529;262.5750843;14.22840557;298.5585489;;
8.261429043;220.3978984;8.865231269;229.4740443;11.27607618;262.5994095;14.26324304;298.6302521;;
8.26327793;220.3754556;8.870284973;229.4622635;11.29417287;262.6278132;14.29805005;298.7056086;;
8.265074485;220.3573699;8.875288117;229.4547372;11.31222742;262.6601914;14.3328288;298.7852837;;
8.266820518;220.3435469;8.880242544;229.4513802;11.33024181;262.6965043;14.36758151;298.8682787;;
8.268517795;220.3338934;8.885150059;229.4521088;11.348218;262.7366921;14.40231033;298.9550174;;
8.270168041;220.3283179;8.890012422;229.4568407;11.36615793;262.7807012;14.4370174;299.0459521;;
8.271772932;220.3267301;8.89483135;229.4654949;11.38406348;262.8284769;14.47170486;299.1401814;;
8.273334103;220.3290413;8.899608522;229.4779924;11.40193652;262.8799672;14.5063748;299.2381668;;
8.274853147;220.3351647;8.904345574;229.4942555;11.41977887;262.9351221;14.54102927;299.3396043;;
8.276331613;220.3450158;8.909044103;229.5142088;11.43759233;262.9938932;14.57567034;299.4447661;;
8.277771008;220.3585112;8.913705667;229.5377784;11.45537867;263.0562336;14.61030002;299.553652;;
8.279172799;220.3755699;8.918331783;229.5648922;11.47313961;263.122098;14.64492032;299.6661286;;
8.280538413;220.3961136;8.922923932;229.5954811;11.49087688;263.1914434;14.67953322;299.7821634;;
8.281869234;220.4200657;8.927483558;229.6294775;11.50859213;263.2642287;14.71414067;299.9007346;;
8.283166612;220.447352;8.932012067;229.666816;11.52628703;263.340414;14.74874462;300.0241786;;
8.284431854;220.4779013;8.936510831;229.7074342;11.54396319;263.4199621;14.783347;300.1503025;;
8.285666234;220.5116445;8.940981187;229.7512717;11.56162221;263.5028372;14.81794972;300.2796676;;
8.286870987;220.5485153;8.945424437;229.7982704;11.57926567;263.589006;14.85255465;300.4135887;;
8.288047315;220.5884507;8.949841851;229.8483757;11.5968951;263.6784371;14.88716368;300.5497351;;
8.289196383;220.6313896;8.954234668;229.9015348;11.61451203;263.7711013;14.92177866;300.6892254;;
8.290319324;220.6772746;8.958604094;229.9576979;11.63211796;263.8669711;14.95640144;300.8331553;;
8.291417239;220.7260516;8.962951308;230.0168187;11.64971438;263.9660223;14.99103385;300.9802762;;
8.292491198;220.7776688;8.967277459;230.0788532;11.66730274;264.0682322;15.02567772;301.1294692;;
8.293542241;220.8320778;8.971583668;230.1437601;11.68488448;264.17358;15.06033485;301.282871;;
8.294571378;220.889234;8.97587103;230.2115018;11.70246103;264.2820481;15.09500704;301.44072;;
8.295579594;220.9490961;8.980140615;230.2820438;11.72003379;264.3936209;15.12969608;301.600754;;
8.296567846;221.0116254;8.984393471;230.3553541;11.73760414;264.5082852;15.16440376;301.7633729;;
8.297537065;221.0767875;8.988630619;230.4314045;11.75517348;264.6260302;15.19913185;301.930792;;
8.298488161;221.1445517;8.992853063;230.5101703;11.77274315;264.7468473;15.23388212;302.1008522;;
8.29942202;221.2148898;8.997061786;230.5916291;11.79031452;264.8707307;15.26865633;302.2759157;;
8.300339508;221.2877782;9.00125775;230.6757627;11.8078889;264.9976771;15.30345625;302.4514391;;
8.301241471;221.3631968;9.005441903;230.762556;11.82546765;265.1276852;15.33828363;302.6323922;;
8.302128738;221.4411291;9.009615175;230.8519975;11.84305206;265.2607568;15.37314022;302.8165722;;
8.303002119;221.5215626;9.013778483;230.9440791;11.86064347;265.3968959;15.40802779;303.0018122;;
8.303862413;221.604488;9.01793273;231.0387959;11.87824317;265.5361088;15.44294808;303.1950773;;
8.304710402;221.6899007;9.022078807;231.1361469;11.89585246;265.6784051;15.47790286;303.3879051;;
8.305546858;221.7777991;9.026217598;231.2361344;11.91347265;265.8237957;15.51289389;303.5848831;;
8.306372543;221.8681863;9.030349975;231.3387642;11.93110502;265.9722953;15.54792292;303.7867674;;
8.307188208;221.9610687;9.034476805;231.4440456;11.94875089;266.1239203;15.58299173;303.9910674;;
8.3079946;222.0564566;9.038598951;231.5519918;11.96641153;266.2786897;15.61810208;304.1986608;;
8.308792458;222.1543649;9.042717269;231.6626194;11.98408826;266.4366256;15.65325576;304.4113507;;
8.309582519;222.2548116;9.046832615;231.7759488;12.00178236;266.597752;15.68845456;304.626962;;
8.310365517;222.357819;9.050945844;231.8920027;12.01949515;266.7620952;15.72370027;304.8444582;;
8.311142186;222.4634131;9.055057812;232.0108088;12.03722793;266.9296845;15.75899471;305.0663144;;
8.311913261;222.5716245;9.059169378;232.1323984;12.05498203;267.100552;15.79433969;305.2912968;;
8.312679481;222.6824866;9.063281405;232.2568051;12.07275877;267.2747311;15.82973704;305.5217079;;
8.313441587;222.7960374;9.067394761;232.3840665;12.0905595;267.4522582;15.86518861;305.7558014;;
8.314200329;222.9123186;9.071510324;232.5142245;12.10838555;267.6331725;15.90069626;305.9925721;;
8.314956465;223.0313756;9.075628979;232.6473231;12.12623828;267.8175147;15.93626186;306.2335461;;
8.315710761;223.1532576;9.079751622;232.7834106;12.14411908;268.0053285;15.97188731;306.4782335;;
8.316463997;223.2780178;9.083879163;232.9225387;12.16202934;268.1966597;16.00757452;306.7267889;;
8.317216965;223.4057129;9.088012525;233.0647618;12.17997046;268.391556;16.04332542;306.9792668;;
8.317970471;223.5364025;9.092152647;233.2101377;12.19794387;268.5900675;16.07914195;307.23565;;
8.31872534;223.6701518;9.096300485;233.3587285;12.21595101;268.7922473;16.11502609;307.4962656;;
8.319482414;223.8070276;9.100457015;233.5105983;12.23399335;268.9981493;16.15097984;307.759837;;
8.320242556;223.9471005;9.104623233;233.665814;12.25207237;269.2078298;16.1870052;308.0308692;;
8.321006649;224.0904459;9.108800157;233.8244474;12.2701896;269.4213481;16.22310422;308.3017511;;
8.321775602;224.237141;9.11298883;233.9865714;12.28834656;269.6387643;16.25927897;308.5767617;;
8.322550349;224.3872668;9.117190319;234.1522628;12.30654482;269.8601411;16.29553154;308.8603374;;
8.323331849;224.540908;9.12140572;234.3216015;12.32478596;270.0855428;16.33186404;309.144813;;
8.32412109;224.6981516;9.125636155;234.4946692;12.34307161;270.3150354;16.36827864;309.4347024;;
8.324919093;224.8590888;9.129882778;234.6715512;12.36140342;270.5486874;16.40477749;309.7287422;;
8.325726907;225.0238124;9.134146775;234.8523351;12.37978306;270.7865679;16.44136282;310.027272;;
8.326545616;225.1924189;9.138429364;235.0371111;12.39821225;271.0287483;16.47803686;310.3302753;;
8.32737634;225.3650077;9.142731799;235.225972;12.41669273;271.2753017;16.51480188;310.6378383;;
8.328220233;225.5416806;9.147055367;235.4190129;12.43522627;271.5263022;16.55166019;310.9500133;;
8.32907849;225.7225421;9.151401397;235.6163311;12.45381471;271.7818258;16.58861412;311.2668591;;
8.329952344;225.9076987;9.155771255;235.8180258;12.47245989;272.0419494;16.62566605;311.5884333;;
8.330843068;226.0972602;9.160166345;236.0241993;12.49116369;272.3067517;16.66281839;311.9147958;;
8.331751979;226.2913383;9.164588118;236.2349551;12.50992806;272.5763124;16.70007358;312.2460063;;
8.332680438;226.4900463;9.169038064;236.4503985;12.52875496;272.8507121;16.73743411;312.5821251;;
8.333629851;226.6935001;9.173517718;236.6706372;12.54764641;273.1300329;16.77490249;312.9232142;;
8.334601669;226.9018179;9.178028662;236.89578;12.56660445;273.4143578;16.81248129;313.2693357;;
8.335597393;227.1151192;9.182572524;237.1259378;12.58563119;273.7037706;16.8501731;313.6205517;;
8.336618572;227.3335249;9.187150982;237.3612228;12.60472877;273.998356;16.88798057;313.9769256;;
8.337666807;227.5571578;9.19176576;237.6017479;12.62389938;274.2981992;16.92590637;314.3385203;;
8.338743749;227.7861425;9.196418635;237.8476283;12.64314525;274.6033866;16.96395323;314.7053996;;
8.339851104;228.0206049;9.201111436;238.0989801;12.66246865;274.9140054;17.00212392;315.0776274;;
8.34099063;228.2606711;9.205846043;238.3559196;12.68187193;275.2301423;17.04042124;315.4552677;;
8.34216414;228.5064692;9.210624391;238.6185651;12.70135745;275.5518853;17.07884804;315.8383846;;
8.343373505;228.7581283;9.215448469;238.8870347;12.72092765;275.8793225;17.11740722;316.2270425;;
8.344620654;229.0157777;9.220320322;239.1614479;12.740585;276.2125423;17.15610173;316.6213058;;
8.345907571;229.2795473;9.225242053;239.4419241;12.76033202;276.5516334;17.19493454;317.0212386;;
8.347236301;229.5495686;9.230215821;239.7285841;12.78017131;276.8966847;17.23390869;317.4269055;;
8.348608951;229.8259722;9.235243844;240.021548;12.80010549;277.2477848;17.27302727;317.8383706;;
8.350027685;230.1088895;9.240328399;240.320936;12.82013725;277.6050225;17.31229339;318.2556976;;
8.351494734;230.3984523;9.245471824;240.6268695;12.84026933;277.9684867;17.35171023;318.6789507;;
8.353012387;230.694792;9.250676518;240.9394691;12.86050453;278.3382656;17.39128102;319.1081934;;
8.354582999;230.9980398;9.25594494;241.2588548;12.88084568;278.7144474;17.43100902;319.5434886;;
8.356208988;231.3083265;9.261279611;241.5851466;12.9012957;279.0971201;17.47089755;319.9848994;;
8.357892838;231.6257834;9.266683118;241.9184648;12.92185755;279.4863711;17.51094997;320.4324884;;
8.359637098;231.9505399;9.272158108;242.2589283;12.94253424;279.8822871;17.55116972;320.8863173;;
8.361444381;232.2827258;9.277707294;242.6066554;12.96332885;280.2849546;17.59156024;321.3464479;;
8.363317369;232.6224696;9.283333453;242.961764;12.98424451;280.6944594;17.63212507;321.8129408;;
8.365258811;232.9698981;9.289039425;243.3243706;13.0052844;281.110886;17.67286776;322.2858566;;
8.367271522;233.3251388;9.294828119;243.6945912;13.02645178;281.5343186;17.71379194;322.765255;;
8.369358387;233.6883168;9.300702507;244.0725405;13.04774994;281.9648406;17.75490126;323.2511947;;
8.371522356;234.0595556;9.306665627;244.4583321;13.06918224;282.4025344;17.79619946;323.7437344;;
8.37376645;234.4389778;9.312720586;244.8520773;13.09075212;282.8474809;17.8376903;324.2429313;;
8.376093758;234.8267042;9.318870555;245.2538871;13.11246305;283.2997601;17.8793776;324.7488423;;
8.37850744;235.2228544;9.325118772;245.663871;13.13431857;283.7594516;17.92126523;325.2615228;;
8.381010722;235.6275455;9.331468544;246.082136;13.15632227;284.2266328;17.96335713;325.7810284;;
8.383606902;236.0408929;9.337923243;246.5087874;13.17847782;284.7013801;18.00565725;326.3074133;;
8.386299346;236.4630098;9.344486309;246.9439293;13.20078893;285.1837688;18.04816964;326.8407291;;
8.389091491;236.8940076;9.351161251;247.3876635;13.22325938;285.6738726;18.09089836;327.3810294;;
8.391986842;237.3339958;9.357951643;247.8400899;13.24589299;286.171764;18.13384755;327.9283651;;
8.394988975;237.7830802;9.364861128;248.3013057;13.26869368;286.6775134;18.1770214;328.4827852;;
8.398101536;238.2413653;9.371893415;248.7714068;13.29166539;287.1911903;18.22042413;329.0443397;;
8.401328239;238.7089529;9.379052282;249.2504861;13.31481214;287.7128622;18.26406002;329.6130759;;
8.404672868;239.1859416;9.386341572;249.738634;13.33813799;288.2425949;18.30793342;330.1890403;;
8.408139277;239.6724287;9.393765196;250.2359397;13.36164709;288.780453;18.35204872;330.7722787;;
8.411731388;240.1685064;9.401327134;250.7424881;13.38534361;289.3264988;18.39641035;331.3628353;;
8.415453193;240.674266;9.409031428;251.2583629;13.40923182;289.8807931;18.4410228;331.9607536;;
8.41930875;241.1897957;9.41688219;251.7836448;13.43331601;290.4433944;18.48589061;332.5660744;;
8.42330219;241.7151791;9.424883597;252.3184107;13.45760056;291.0143603;18.53101837;333.1788395;;
8.427437706;242.2504987;9.433039892;252.8627372;13.4820899;291.5937459;18.57641074;333.7990879;;
8.431719565;242.7958329;9.441355383;253.4166957;13.50678849;292.1816036;18.6220724;334.4268568;;
8.436152095;243.3512565;9.449834444;253.9803553;13.53170089;292.7779857;18.66800809;335.0621847;;
8.440739696;243.916842;9.458481512;254.5537836;13.55683169;293.3829415;18.71422261;335.7051058;;
8.445486831;244.4926583;9.46730109;255.1370434;13.58218554;293.9965172;18.7607208;336.3556541;;
8.45039803;245.0787713;9.476297743;255.7301957;13.60776716;294.618759;18.80750756;337.0138636;;
8.45547789;245.6752423;9.485476102;256.3332983;13.63358131;295.2497106;18.85458783;337.6797649;;
8.460731069;246.2821307;9.494840858;256.9464056;13.65963282;295.8894121;18.9019666;338.3533884;;
8.466162292;246.899492;9.504396768;257.5695694;13.68592657;296.5379036;18.94964892;339.0347637;;
8.471776349;247.5273782;9.514148646;258.2028382;13.71246748;297.1952222;18.99763986;339.7239168;;
8.47757809;248.1658381;9.524101371;258.8462577;13.73926055;297.8614021;19.04594458;340.420875;;
8.48357243;248.8149163;9.534259881;259.4998702;13.76631083;298.5364776;19.09456825;341.1256633;;
8.489764344;249.4746551;9.544629176;260.163715;13.7936234;299.2204791;19.14351611;341.8383045;;
8.496158871;250.1450929;9.555214313;260.8378288;13.82120341;299.913435;19.19279344;342.5588211;;
8.502761108;250.8262647;9.56602041;261.5222445;13.84905608;300.6153729;19.24240558;343.2872341;;
8.509576213;251.5182017;9.577052641;262.2169925;13.87718665;301.3263176;19.29235789;344.0235629;;
8.516609403;252.2209319;9.588316241;262.9221;13.90560044;302.0462917;19.34265579;344.767826;;
8.523865954;252.934481;9.599816498;263.6375908;13.9343028;302.7753152;19.39330476;345.5200395;;
8.531351199;253.6588697;9.61155876;264.3634867;13.96329913;303.5134084;19.44431032;346.2802205;;
8.53907053;254.3941158;9.623548428;265.0998054;13.99259491;304.2605872;19.49567801;347.0483825;;
8.547029394;255.1402351;9.635790959;265.8465621;14.02219564;305.0168659;19.54741344;347.8245384;;
8.555233292;255.8972388;9.648291865;266.6037697;14.05210688;305.7822585;19.59952227;348.6087012;;
8.563687784;256.6651345;9.661056709;267.371437;14.08233424;306.5567749;19.65201019;349.4008803;;
8.57239848;257.4439286;9.674091109;268.1495708;14.11288337;307.340425;19.70488293;350.2010862;;
8.581371046;258.233623;9.687400736;268.9381757;14.14375998;308.1332155;19.75814629;351.0093271;;
8.5906112;259.0342162;9.700991309;269.7372517;14.17496982;308.9351517;19.81180607;351.8256096;;
8.600124711;259.8457047;9.714868601;270.5467978;14.2065187;309.7462375;19.86586816;352.6499402;;
8.6099174;260.6680814;9.729038435;271.3668098;14.23841245;310.5664744;19.92033847;353.4823238;;
8.619995139;261.5013369;9.743506679;272.1972806;14.27065696;311.3958627;19.97522295;354.3227644;;
8.630363847;262.3454586;9.758279256;273.0382013;14.30325818;312.2344002;20.03052759;355.171264;;
8.641029496;263.2004305;9.773362132;273.8895595;14.33622207;313.0820841;20.08625844;356.0278249;;
8.651998101;264.066236;9.788761322;274.7513417;14.36955468;313.9389098;20.14242158;356.8924485;;
8.663275729;264.9428536;9.804482888;275.6235309;14.40326206;314.8048699;20.19902313;357.7651331;;
8.67486849;265.8302597;9.820532937;276.5061079;14.43735033;315.6799564;20.25606924;358.645878;;
8.686782543;266.7284302;9.836917621;277.3990527;14.47182565;316.5641611;20.31356614;359.5346818;;
8.69902409;267.6373364;9.853643138;278.3023415;14.50669421;317.4574723;20.37152005;360.4315407;;
8.711599378;268.5569481;9.870715729;279.2159488;14.54196225;318.3598768;20.42993727;361.3364506;;
8.724514698;269.4872331;9.888141677;280.1398479;14.57763605;319.271362;20.48882412;362.2494073;;
8.737776385;270.4281569;9.905927309;281.0740094;14.61372193;320.1919126;20.54818696;363.1704048;;
8.751390813;271.379683;9.924078994;282.0184022;14.65022626;321.1215122;20.60803219;364.0994369;;
8.765364402;272.3417729;9.942603142;282.9729943;14.68715544;322.0601439;20.66836627;365.0364968;;
8.77970361;273.3143861;9.961506203;283.9377501;14.72451591;323.0077881;20.72919567;365.9815762;;
8.794414938;274.2974809;9.98079467;284.9126343;14.76231416;323.9644258;20.79052692;366.9346668;;
8.809504924;275.2910133;10.00047507;285.8976093;14.8005567;324.9300366;20.85236656;367.8957594;;
8.824980148;276.2949379;10.02055398;286.8926358;14.83925009;325.904598;20.91472121;368.8648442;;
8.840847227;277.3092077;10.041038;287.8976733;14.87840093;326.8880872;20.9775975;369.8419108;;
8.857112816;278.3337748;10.06193378;288.9126803;14.91801586;327.8804813;21.0410021;370.8269486;;
8.873783609;279.3685895;10.083248;289.9376141;14.95810155;328.8817559;21.10494173;371.8199461;;
8.890866336;280.4136004;10.10498739;290.9724299;14.99866472;329.8918847;21.16942314;372.8208906;;
8.908367764;281.4687561;10.1271587;292.0170831;15.0397121;330.9108426;21.23445311;373.8297707;;
8.926294695;282.5340027;10.14976873;293.071527;15.08125049;331.9386023;21.30003847;374.8465729;;
8.944653968;283.6092872;10.1728243;294.1357152;15.1232867;332.9751373;21.36618609;375.8712846;;
8.963452458;284.6945542;10.19633229;295.2095997;15.16582759;334.020419;21.43290286;376.9038916;;
8.982697072;285.7897468;10.22029959;296.2931308;15.20888006;335.0744182;21.50019573;377.9443798;;
9.002394753;286.8948102;10.24473313;297.3862604;15.25245104;336.1371075;21.56807168;378.992736;;
9.022552479;288.0096865;10.26963989;298.4889381;15.29654749;337.2084567;21.6365377;380.0489449;;
9.04317726;289.1343169;10.29502687;299.6011124;15.34117642;338.2884349;21.70560087;381.1129912;;
9.064276139;290.2686446;10.3209011;300.7227339;15.38634485;339.3770133;21.77526826;382.1848612;;
9.085856196;291.4126104;10.34726966;301.8537502;15.43205986;340.4741608;21.845547;383.2645392;;
9.107924538;292.5661547;10.37413966;302.9941091;15.47832856;341.5798462;21.91644425;384.3520092;;
9.130488308;293.7292191;10.40151822;304.1437596;15.52515809;342.694039;21.98796721;385.4472566;;
9.153554682;294.901743;10.42941252;305.3026481;15.57255563;343.8167071;22.06012313;386.5502652;;
9.177130866;296.0836676;10.45782976;306.4707233;15.62052839;344.94782;22.13291927;387.6610196;;
9.201224099;297.2749332;10.48677717;307.6479324;15.66908361;346.0873459;22.20636296;388.7795044;;
9.225841652;298.4754788;10.51626203;308.8342216;15.71822858;347.2352523;22.28046153;389.9057028;;
9.250990826;299.6852463;10.54629164;310.0295402;15.76797062;348.3915089;22.35522238;391.0396001;;
9.276678957;300.9041753;10.57687332;311.2338347;15.81831707;349.5560834;22.43065294;392.1811803;;
9.302913407;302.132206;10.60801444;312.4470523;15.86927533;350.7289439;22.50676067;393.3304269;;
9.329701575;303.3692804;10.6397224;313.6691416;15.92085282;351.9100595;22.58355307;394.4873251;;
9.357050889;304.6153383;10.67200462;314.9000499;15.97305698;353.0993981;22.66103768;395.6518586;;
9.384968806;305.870322;10.70486857;316.1397261;16.02589533;354.296929;22.73922209;396.8240125;;
9.41346282;307.1341736;10.73832175;317.3881187;16.07937537;355.502621;22.8181139;398.0037715;;
9.44254045;308.4068338;10.77237166;318.6451758;16.13350468;356.7164427;22.89772079;399.1911192;;
9.472209249;309.6882469;10.80702588;319.9108481;16.18829086;357.9383641;22.97805045;400.3860417;;
9.502476804;310.978356;10.842292;321.1850848;16.24374154;359.1683543;23.0591106;401.5885237;;
9.53335073;312.2771038;10.87817763;322.4678353;16.29986439;360.4063831;23.14090903;402.7985502;;
9.564838674;313.5844359;10.91469043;323.7590516;16.35666711;361.6524209;23.22345355;404.0161071;;
9.596948318;314.9002966;10.95183809;325.0586845;16.41415745;362.906438;23.30675202;405.2411795;;
9.629687371;316.2246317;10.98962833;326.3666856;16.47234319;364.1684054;23.39081234;406.4737538;;
9.663063578;317.5573881;11.0280689;327.6830081;16.53123215;365.4382942;23.47564243;407.713816;;
9.697084714;318.8985125;11.06716759;329.0076044;16.59083217;366.7160756;23.56125028;408.9613523;;
9.731758587;320.247953;11.10693222;330.3404287;16.65115115;368.0017225;23.64764391;410.21635;;
9.767093039;321.6056577;11.14737064;331.6814353;16.71219701;369.2952067;23.73483137;411.4787954;;
9.803095942;322.9715763;11.18849075;333.0305789;16.77397773;370.5965005;23.82282077;412.7486758;;
9.839775204;324.3456597;11.23030046;334.3878164;16.8365013;371.9055783;23.91162026;414.0259794;;
9.877138765;325.7278585;11.27280773;335.7531036;16.89977576;373.2224137;24.00123801;415.3106934;;
9.915194599;327.1181245;11.31602055;337.1263978;16.9638092;374.5469805;24.09168227;416.6028062;;
9.953950713;328.5164111;11.35994695;338.5076579;17.02860974;375.8792538;24.1829613;417.9023069;;
9.993415149;329.9226715;11.40459499;339.8968419;17.09418553;377.2192086;24.27508341;419.2091836;;
10.03359598;331.3368606;11.44997276;341.2939099;17.16054478;378.5668209;24.36805698;420.5234256;;
10.07450133;332.7589342;11.49608841;342.6988229;17.22769571;379.9220675;24.46189041;421.8450231;;
10.11613933;334.1888483;11.54295009;344.1115415;17.29564662;381.2849245;24.55659214;423.1739657;;
10.15851817;335.626561;11.59056603;345.5320283;17.36440582;382.6553696;24.65217068;424.5102435;;
10.20164607;337.0720303;11.63894444;346.9602462;17.43398167;384.0333811;24.74863456;425.8538475;;
10.24553127;338.525215;11.68809363;348.3961592;17.50438258;385.4189373;24.84599237;427.2047687;;
10.29018208;339.9860765;11.73802191;349.8397319;17.57561698;386.8120172;24.94425275;428.5629987;;
10.33560682;341.4545753;11.78873763;351.2909296;17.64769337;388.2126006;25.04342437;429.9285288;;
10.38181385;342.9306735;11.84024919;352.749719;17.72062028;389.6206678;25.14351597;431.3013517;;
10.42881159;344.4143351;11.89256503;354.2160682;17.79440628;391.0362;25.24453632;432.6814605;;
10.47660846;345.9055231;11.94569362;355.6899437;17.86905999;392.4591774;25.34649424;434.0688467;;
10.52521296;347.4042034;11.99964346;357.1713155;17.94459006;393.8895833;25.44939861;435.4635053;;
10.57463359;348.9103421;12.05442312;358.6601539;18.0210052;395.3274003;25.55325834;436.8654299;;
10.62487893;350.4239056;12.1100412;360.1564284;18.09831417;396.7726106;25.65808242;438.2746139;;
10.67595757;351.9448619;12.16650632;361.6601116;18.17652576;398.2251986;25.76387987;439.6910523;;
10.72787814;353.4731808;12.22382717;363.1711758;18.25564882;399.6851489;25.87065975;441.1147405;;
10.78064934;355.0088317;12.28201246;364.6895943;18.33569222;401.1524462;25.97843119;442.5456743;;
10.83427988;356.5517845;12.34107096;366.2153407;18.41666492;402.6270758;26.08720336;443.9838486;;
10.88877854;358.102013;12.40101148;367.7483912;18.49857588;404.1090247;26.1969855;445.4292605;;
10.9441541;359.6594882;12.46184286;369.2887207;18.58143415;405.5982786;26.30778689;446.8819063;;
11.00041544;361.2241841;12.523574;370.8363061;18.6652488;407.0948256;26.41961686;448.3417834;;
11.05757143;362.7960758;12.58621384;372.3911257;18.75002896;408.5986538;26.53248479;449.8088894;;
11.11563102;364.3751382;12.64977136;373.9531569;18.83578381;410.109751;26.64640013;451.2832218;;
11.17460319;365.9613488;12.71425558;375.5223798;18.92252258;411.6281072;26.76137238;452.7647802;;
11.23449697;367.5546838;12.7796756;377.0987743;19.01025455;413.1537116;26.87741108;454.2535623;;
11.29532143;369.1551218;12.84604053;378.6823214;19.09898904;414.6865547;26.99452586;455.7495678;;
11.35708569;370.762642;12.91335953;380.2730022;19.18873545;416.2266275;27.11272636;457.2527963;;
11.41979892;372.3772243;12.98164184;381.8707997;19.2795032;417.7739214;27.23202231;458.7632478;;
11.48347033;373.9988507;13.0508967;383.4756982;19.37130179;419.3284289;27.3524235;460.2809238;;
11.54810918;375.6275017;13.12113345;385.0876802;19.46414074;420.890142;27.47393976;461.8058239;;
11.61372479;377.2631602;13.19236145;386.7067318;19.55802967;422.4590547;27.59658099;463.3379504;;
11.6803265;378.9058106;13.26459011;388.3328391;19.65297821;424.0351609;27.72035714;464.8773051;;
11.74792373;380.5554365;13.33782889;389.9659875;19.74899607;425.6184541;27.84527822;466.4238896;;
11.81652595;382.2120238;13.41208732;391.6061656;19.84609301;427.2089305;27.97135433;467.9777077;;
11.88614265;383.8755581;13.48737497;393.2533608;19.94427885;428.8065851;28.09859559;469.5387614;;
11.9567834;385.5460269;13.56370145;394.9075621;20.04356347;430.4114143;28.2270122;471.1070549;;
12.02845781;387.223418;13.64107645;396.5687599;20.14395679;432.0234151;28.35661443;472.6825924;;
12.10117555;388.9077193;13.71950969;398.2369439;20.2454688;433.6425843;28.48741261;474.2653777;;
12.17494634;390.5989215;13.79901095;399.912106;20.34810955;435.2689207;28.61941711;475.8554163;;
12.24977995;392.2970145;13.87959009;401.5942378;20.45188915;436.9024221;28.75263841;477.452713;;
12.32568621;394.0019891;13.96125698;403.2833323;20.55681777;438.5430878;28.88708701;479.057274;;
12.40267499;395.7138373;14.04402159;404.979383;20.66290564;440.1909179;29.0227735;480.6691051;;
12.48075625;397.4325519;14.12789392;406.6823838;20.77016304;441.8459117;29.15970853;482.2882128;;
12.55993998;399.158127;14.21288403;408.3923307;20.87860034;443.508071;29.29790282;483.9146046;;
12.64023622;400.8905562;14.29900206;410.1092184;20.98822794;445.1773969;29.43736717;485.5482878;;
12.7216551;402.6298354;14.38625818;411.8330441;21.09905632;446.8538912;29.57811241;487.1892706;;
12.80420677;404.3759596;14.47466265;413.563805;21.21109603;448.5375564;29.72014949;488.8375603;;
12.88790147;406.1289258;14.56422575;415.3014981;21.32435768;450.2283956;29.86348938;490.4931668;;
12.97274949;407.8887323;14.65495787;417.0461236;21.43885195;451.9264131;30.00814317;492.1560995;;
13.05876118;409.6553757;14.74686942;418.7976797;21.55458956;453.6316118;30.15412198;493.8263668;;
13.14594694;411.4288566;14.8399709;420.5561668;21.67158133;455.3439973;30.30143702;495.50398;;
13.23431726;413.2091744;14.93427287;422.3215866;21.78983813;457.0635757;30.45009958;497.1889496;;
13.32388266;414.9963285;15.02978593;424.0939391;21.90937092;458.7903516;30.60012101;498.8812858;;
13.41465376;416.790321;15.12652077;425.8732272;22.0301907;460.5243315;30.75151275;500.5810005;;
13.5066412;418.5911539;15.22448814;427.6594543;22.15230855;462.2655232;30.90428629;502.2881058;;
13.59985573;420.3988299;15.32369885;429.4526236;22.27573563;464.0139344;31.05845322;504.0026141;;
13.69430814;422.2133518;15.4241638;431.2527389;22.40048317;465.7695722;31.2140252;505.7245377;;
13.7900093;424.0347243;15.52589392;433.0598058;22.52656247;467.5324457;31.37101397;507.4538901;;
13.88697013;425.8629524;15.62890023;434.87383;22.6539849;469.3025646;31.52943134;509.1906851;;
13.98520163;427.6980412;15.73319383;436.6948172;22.7827619;471.079938;31.6892892;510.9349366;;
14.08471487;429.5399975;15.83878588;438.5227751;22.91290499;472.8645769;31.85059953;512.6866596;;
14.185521;431.3888276;15.9456876;440.3577106;23.04442578;474.6564916;32.01337438;514.4458683;;
14.28763121;433.2445397;16.0539103;442.1996324;23.17733594;476.4556935;32.17762589;516.2125788;;
14.3910568;435.107142;16.16346535;444.0485499;23.31164721;478.2621952;32.34336629;517.9868073;;
14.49580912;436.9766431;16.2743642;445.904472;23.44737143;480.0760087;32.51060787;519.7685693;;
14.60189959;438.8530539;16.38661838;447.7674093;23.58452051;481.897147;32.67936303;521.5578823;;
14.70933971;440.7363839;16.50023949;449.6373725;23.72310643;483.7256237;32.84964423;523.3547635;;
14.81814107;442.6266439;16.6152392;451.5143735;23.86314126;485.5614533;33.02146405;525.1592303;;
14.92831532;444.5238462;16.73162927;453.3984243;24.00463717;487.4046503;33.19483511;526.971301;;
15.03987418;446.4280032;16.84942152;455.2895374;24.14760637;489.2552295;33.36977017;528.7909944;;
15.15282948;448.3391283;16.96862788;457.1877271;24.29206119;491.1132072;33.54628205;530.6183297;;
15.26719309;450.257234;17.08926032;459.0930064;24.43801404;492.9785992;33.72438365;532.4533259;;
15.38297697;452.1823357;17.21133093;461.005391;24.58547739;494.8514229;33.90408799;534.2960038;;
15.50019319;454.114448;17.33485185;462.9248956;24.73446383;496.7316952;34.08540817;536.146383;;
15.61885387;456.0535864;17.45983532;464.8515358;24.88498601;498.6194337;34.26835737;538.0044847;;
15.73897123;457.9997677;17.58629367;466.7853292;25.0370567;500.5146572;34.45294888;539.8703306;;
15.86055755;459.9530082;17.7142393;468.726292;25.19068872;502.4173851;34.63919608;541.7439422;;
15.98362522;461.9133259;17.84368469;470.6744424;25.345895;504.3276361;34.82711244;543.6253423;;
16.1081867;463.8807384;17.97464244;472.6297988;25.50268858;506.2454299;35.01671155;545.5145527;;
16.23425456;465.855265;18.1071252;474.5923798;25.66108257;508.1707883;35.20800706;547.4115973;;
16.36184142;467.8369244;18.24114572;476.5622048;25.82109016;510.103731;35.40101275;549.3164995;;
16.49096002;469.8257373;18.37671686;478.5392948;25.98272467;512.0442803;35.59574249;551.2292837;;
16.62162318;471.8217243;18.51385155;480.5236697;26.1459995;513.9924586;35.79221025;553.1499747;;
16.7538438;473.8249055;18.65256281;482.5153508;26.31092813;515.9482873;35.99043011;555.0785966;;
16.88763489;475.8353037;18.79286376;484.5143608;26.47752416;517.9117906;36.19041624;557.0151759;;
17.02300955;477.8529412;18.93476763;486.5207213;26.64580128;519.8829919;36.39218292;558.9597381;;
17.15998095;479.8778404;19.07828771;488.5344552;26.81577328;521.8619151;36.59574454;560.9123097;;
17.29856238;481.9100256;19.22343741;490.5555872;26.98745405;523.8485857;36.8011156;562.8729184;;
17.43876723;483.9495199;19.37023024;492.5841404;27.16085759;525.8430273;37.0083107;564.84159;;
17.58060896;485.996349;19.5186798;494.6201399;27.33599799;527.8452672;37.21734454;566.8183536;;
17.72410115;488.0505382;19.66879978;496.6636119;27.51288946;529.8553318;37.42823196;568.8032379;;
17.86925747;490.1121123;19.82060399;498.7145804;27.6915463;531.873246;37.64098789;570.7962703;;
18.0160917;492.181099;19.97410632;500.7730734;27.87198292;533.8990392;37.85562737;572.7974814;;
18.16461772;494.2575246;20.1293208;502.8391178;28.05421385;535.9327382;38.07216555;574.8069006;;
18.31484949;496.3414168;20.28626151;504.9127402;28.23825372;537.974371;38.29061773;576.8245576;;
18.46680112;498.4328041;20.44494269;506.9939699;28.42411726;540.0239678;38.51099928;578.8504841;;
18.62048677;500.5317146;20.60537865;509.0828348;28.61181934;542.0815568;38.73332573;580.8847105;;
18.77592075;502.6381786;20.76758381;511.1793643;28.8013749;544.1471681;38.95761268;582.927269;;
18.93311745;504.7522251;20.93157272;513.2835888;28.99279904;546.2208327;39.18387591;584.9781918;;
19.09209139;506.8738841;21.09736003;515.3955376;29.18610695;548.3025808;39.41213127;587.0375109;;
19.25285719;509.0031882;21.26496049;517.5152424;29.38131394;550.3924446;39.64239477;589.1052606;;
19.41542958;511.1401679;21.43438898;519.642735;29.57843543;552.490456;39.87468251;591.1814741;;
19.57982341;513.2848548;21.60566048;521.7780464;29.77748697;554.596647;40.10901074;593.266185;;
19.74605363;515.4372826;21.77879009;523.9212095;29.97848424;556.711051;40.34539583;595.3594285;;
19.91413531;517.5974842;21.95379303;526.0722582;30.18144302;558.8337017;40.58385428;597.46124;;
20.08408365;519.7654932;22.13068464;528.2312254;30.38637922;560.9646334;40.82440272;599.5716548;;
20.25591395;521.9413441;22.30948036;530.3981453;30.59330888;563.1038805;41.06705791;601.6907089;;
20.42964164;524.1250714;22.49019578;532.5730533;30.80224817;565.2514778;41.31183674;603.8184395;;
20.60528227;526.3167109;22.67284659;534.7559841;31.01321338;567.4074615;41.55875624;605.9548833;;
20.78285151;528.5162991;22.85744862;536.9469739;31.22622092;569.5718679;41.80783357;608.1000781;;
20.96236514;530.7238719;23.0440178;539.1460598;31.44128735;571.744734;42.05908603;610.2540629;;
21.1438391;532.9394661;23.2325702;541.3532774;31.65842934;573.9260963;42.31253106;612.4168751;;
21.32728941;535.1631203;23.42312203;543.5686651;31.87766372;576.1159931;42.56818623;614.5885544;;
21.51273225;537.3948723;23.61568962;545.7922615;32.09900742;578.3144637;42.82606927;616.7691413;;
21.70018393;539.6347606;23.81028941;548.0241039;32.32247754;580.5215453;43.08619804;618.9586752;;
21.88966086;541.8828254;24.006938;550.264233;32.54809131;582.7372789;43.34859054;621.1571976;;
22.08117962;544.1391057;24.20565212;552.5126881;32.77586607;584.9617041;43.61326494;623.3647494;;
22.27475689;546.4036421;24.40644861;554.7695087;33.00581933;587.1948609;43.88023953;625.5813723;;
22.47040952;548.6764766;24.60934448;557.034737;33.23796875;589.4367915;44.14953277;627.8071096;;
22.66815446;550.9576499;24.81435686;559.3084137;33.4723321;591.6875371;44.42116326;630.0420033;;
22.86800882;553.2472041;25.02150301;561.5905809;33.70892733;593.9471397;44.69514977;632.2860972;;
23.06998985;555.5451823;25.23080036;563.8812814;33.94777251;596.2156422;44.97151119;634.5394358;;
23.27411492;557.8516279;25.44226645;566.1805587;34.18888588;598.4930885;45.2502666;636.8020632;;
23.48040158;560.1665849;25.65591899;568.4884562;34.43228582;600.7795224;45.53143523;639.074025;;
23.6888675;562.4900974;25.87177583;570.8050179;34.67799086;603.0749882;45.81503646;641.3553665;;
23.89953049;564.8222102;26.08985495;573.1302892;34.92601969;605.3795309;46.10108984;643.646134;;
24.11240852;567.1629694;26.3101745;575.4643153;35.17639116;607.6931963;46.38961509;645.9463745;;
24.32751971;569.5124214;26.53275278;577.8071427;35.42912426;610.0160309;46.68063209;648.2561358;;
24.54488232;571.8706123;26.75760823;580.1588178;35.68423815;612.3480815;46.97416087;650.5754653;;
24.76451479;574.2375896;26.98475945;582.5193874;35.94175217;614.6893952;47.27022166;652.9044112;;
24.98643568;576.6134019;27.21422521;584.8889001;36.20168578;617.0400201;47.56883484;655.2430241;;
25.21066372;578.9980968;27.44602442;587.2674035;36.46405866;619.4000048;47.87002098;657.5913527;;
25.43721781;581.3917241;27.68017616;589.6549472;36.7288906;621.7693988;48.1738008;659.949447;;
25.66611701;583.7943336;27.91669966;592.0515811;36.99620159;624.1482519;48.48019523;662.317359;;
25.89738051;586.2059749;28.15561433;594.4573545;37.2660118;626.536614;48.78922534;664.6951392;;
26.1310277;588.6266992;28.39693974;596.8723188;37.53834154;628.934536;49.10091242;667.0828401;;
26.36707813;591.056559;28.64069562;599.2965253;37.81321133;631.3420706;49.41527792;669.480515;;
26.6055515;593.4956053;28.88690187;601.7300259;38.09064184;633.7592691;49.73234349;671.8882164;;
26.84646769;595.9438906;29.13557858;604.1728734;38.37065393;636.1861842;50.05213094;674.3059983;;
27.08984676;598.4014695;29.38674599;606.6251214;38.65326864;638.6228704;50.37466231;676.7339162;;
27.33570893;600.8683954;29.64042454;609.0868232;38.93850719;641.0693809;50.6999598;679.1720244;;
27.58407461;603.3447226;29.89663481;611.5580335;39.22639099;643.5257705;51.02804582;681.6203787;;
27.83496437;605.8305065;30.15539761;614.0388077;39.51694163;645.9920949;51.35894297;684.0790365;;
28.08839897;608.3258034;30.41673388;616.5292012;39.8101809;648.4684099;51.69267405;686.5480544;;
28.34439935;610.8306699;30.68066478;619.0292709;40.10613077;650.9547728;52.02926206;689.0274897;;
28.60298665;613.345162;30.94721165;621.5390735;40.4048134;653.4512397;52.36873021;691.5174012;;
28.86418216;615.8693386;31.216396;624.0586668;40.70625117;655.9578694;52.71110191;694.0178483;;
29.12800739;618.4032581;31.48823956;626.5881093;41.01046663;658.4747207;53.05640077;696.5288905;;
29.39448404;620.9469792;31.76276421;629.1274601;41.31748256;661.0018525;53.40465063;699.0505882;;
29.66363398;623.5005617;32.03999208;631.6767785;41.6273219;663.5393245;53.75587552;701.5830025;;
29.9354793;626.0640661;32.31994545;634.2361252;41.94000784;666.0871979;54.11009971;704.1261952;;
30.21004226;628.637554;32.60264682;636.8055615;42.25556376;668.6455343;54.46734767;706.6802288;;
30.48734536;631.2210863;32.88811889;639.3851483;42.57401324;671.2143947;54.8276441;709.2451666;;
30.76741126;633.8147265;33.17638457;641.9749491;42.89538009;673.7938427;55.19101392;711.8210721;;
31.05026285;636.4185367;33.46746696;644.575026;43.21968832;676.3839412;55.55748227;714.4080102;;
31.33592322;639.032581;33.76138939;647.1854432;43.54696218;678.9847546;55.92707453;717.006046;;
31.62441567;641.656925;34.05817539;649.806266;43.8772261;681.5963484;56.2998163;719.6152459;;
31.91576371;644.2916325;34.3578487;652.437558;44.21050478;684.2187864;56.67573342;722.2356763;;
32.20999107;646.9367701;34.66043329;655.0793863;44.54682312;686.8521365;57.05485196;724.8674044;;
32.5071217;649.5924047;34.96595334;657.7318173;44.88620625;689.4964655;57.43719826;727.510499;;
32.80717975;652.2586035;35.27443325;660.3949181;45.22867954;692.1518406;57.82279885;730.1650286;;
33.11018961;654.9354344;35.58589766;663.0687571;45.57426857;694.8183303;58.21168055;732.8310636;;
33.4161759;657.6229663;35.90037141;665.7534031;45.9229992;697.4960044;58.6038704;735.5086738;;
33.72516346;660.3212695;36.21787961;668.448926;46.27489748;700.184933;58.99939572;738.1979303;;
34.03717735;663.0304131;36.53844755;671.1553952;46.62998974;702.885186;59.39828405;740.8989062;;
34.35224288;665.7504693;36.86210081;673.8728826;46.98830254;705.5968358;59.80056321;743.611673;;
34.67038558;668.48151;37.18886518;676.6014603;47.34986269;708.3199547;60.20626129;746.3363053;;
34.99163125;671.2236066;37.51876668;679.3412003;47.71469726;711.0546152;60.61540661;749.0728774;;
35.31600589;673.9768338;37.85183161;682.0921761;48.08283355;713.8008921;61.02802778;751.8214636;;
35.64353577;676.7412654;38.1880865;684.8544622;48.45429914;716.5588598;61.44415368;754.5821412;;
35.97424742;679.5169762;38.52755811;687.6281339;48.82912187;719.3285932;61.86381347;757.3549864;;
36.30816759;682.3040425;38.87027348;690.4132665;49.20732983;722.1101696;62.28703656;760.1400767;;
36.64532331;685.1025402;39.21625991;693.2099365;49.58895139;724.9036662;62.71385266;762.9374914;;
36.98574184;687.9125472;39.56554494;696.0182221;49.97401519;727.7091605;63.14429176;765.7473093;;
37.32945073;690.7341419;39.91815638;698.8382012;50.36255013;730.5267312;63.57838414;768.5696106;;
37.67647779;693.5674027;40.27412231;701.6699528;50.75458541;733.356459;64.01616037;771.404477;;
38.02685107;696.4124102;40.63347108;704.5135571;51.15015049;736.1984241;64.45765131;774.2519901;;
38.38059892;699.2692451;40.99623132;707.3690946;51.54927512;739.0527075;64.90288812;777.1122325;;
38.73774994;702.1379887;41.36243191;710.2366476;51.95198934;741.9193921;65.35190227;779.9852888;;
39.09833304;705.0187237;41.73210204;713.1162982;52.35832348;744.7985611;65.80472551;782.8712432;;
39.46237737;707.9115333;42.10527118;716.00813;52.76830817;747.6902986;66.26138992;785.7701814;;
39.82991239;710.8165022;42.48196906;718.9122274;53.18197433;750.5946896;66.7219279;788.6821896;;
40.20096785;713.7337154;42.86222572;721.8286756;53.59935319;753.51182;67.18637215;791.6073559;;
40.57557377;716.6632585;43.24607151;724.7575611;54.02047627;756.4417773;67.6547557;794.5457688;;
40.95376049;719.6052189;43.63353705;727.6989702;54.44537543;759.3846489;68.12711189;797.497517;;
41.33555862;722.5596846;44.02465327;730.6529915;54.87408282;762.3405233;68.60347442;800.4626911;;
41.72099911;725.5267444;44.41945141;733.6197143;55.3066309;765.309491;69.08387729;803.4413829;;
42.11011318;728.5064878;44.81796302;736.5992275;55.74305248;768.2916426;69.56835485;806.433685;;
42.50293239;731.4990059;45.22021997;739.5916231;56.18338068;771.2870693;70.0569418;809.439689;;
42.89948858;734.5043903;45.62625442;742.5969922;56.62764895;774.2958644;70.54967317;812.4594909;;
43.29981394;737.5227334;46.03609887;745.6154275;57.07589107;777.3181216;71.04658437;815.4931864;;
43.70394096;740.5541294;46.44978617;748.6470238;57.52814117;780.353935;71.54771112;818.54087;;
44.11190248;743.5986729;46.86734945;751.6918752;57.98443371;783.4034014;72.05308954;821.602641;;
44.52373165;746.6564591;47.28882221;754.7500775;58.44480352;786.4666171;72.56275609;824.6785976;;
44.93946197;749.727585;47.71423827;757.8217277;58.90928575;789.5436796;73.07674761;827.7688382;;
45.35912725;752.8121489;48.1436318;760.9069239;59.37791592;792.6346886;73.5951013;830.8734646;;
45.78276169;755.9102489;48.57703732;764.0057655;59.85072993;795.7397436;74.11785476;833.9925786;;
46.21039979;759.021985;49.0144897;767.1183517;60.32776402;798.8589457;74.64504596;837.1262831;;
46.64207644;762.1474582;49.45602417;770.2447838;60.80905481;801.9923976;75.17671326;840.2746816;;
47.07782686;765.2867708;49.9016763;773.3851642;61.29463929;805.1402021;75.71289541;843.4378793;;
47.51768666;768.4400255;50.35148204;776.5395966;61.78455484;808.3024639;76.25363156;846.6159832;;
47.96169178;771.6073269;50.80547772;779.708185;62.27883922;811.4792888;76.79896127;849.8091001;;
48.40987857;774.7887798;51.26370004;782.891035;62.77753057;814.6707828;77.3489245;853.0173391;;
48.86228373;777.9844913;51.72618606;786.0882535;63.28066744;817.8770547;77.90356163;856.2408102;;
49.31894435;781.194569;52.19297325;789.2999478;63.78828878;821.0982129;78.46291345;859.4796235;;
49.7798979;784.4191214;52.66409946;792.5262281;64.30043393;824.3343684;79.0270212;862.7338925;;
50.24518225;787.6582585;53.13960293;795.7672041;64.81714267;827.5856324;79.59592651;866.0037307;;
50.71483566;790.9120915;53.61952231;799.0229862;65.33845516;830.852117;80.16967149;869.2892511;;
51.18889681;794.1807334;54.10389666;802.2936885;65.86441201;834.1339371;80.74829866;872.5905719;;
51.66740475;797.4642968;54.59276543;805.5794248;66.39505424;837.4312078;81.33185101;875.9078102;;
52.15039898;800.7628974;55.08616851;808.8803094;66.93042332;840.7440454;81.92037197;879.2410831;;
52.6379194;804.0766511;55.5841462;812.1964591;67.47056115;844.0725675;82.51390544;882.5905117;;
53.13000633;807.4056746;56.08673923;815.5279916;68.01551007;847.4168935;83.11249578;885.9562174;;
53.62670053;810.750088;56.59398877;818.875026;68.56531288;850.7771442;83.71618782;889.338323;;
54.12804319;814.11001;57.10593641;822.2376825;69.12001283;854.1534405;84.32502688;892.7369517;;
54.63407595;817.4855622;57.62262421;825.6160828;69.67965365;857.5459061;84.93905875;896.1522292;;
55.14484089;820.8768679;58.14409467;829.0103496;70.24427951;860.9546654;85.55832973;899.5842827;;
55.66038053;824.28405;58.67039076;832.4206072;70.81393509;864.3798443;86.18288662;903.03324;;
56.18073787;827.7072346;59.20155588;835.8469818;71.38866553;867.8215704;86.8127767;906.4992313;;
56.70595636;831.1465486;59.73763394;839.2896004;71.96851646;871.2799717;87.44804778;909.9823871;;
57.23607995;834.6021195;60.27866931;842.7485905;72.55353402;874.7551791;88.0887482;913.4828404;;
57.77115304;838.0740775;60.82470684;846.2240833;73.14376483;878.2473238;88.73492681;917.0007256;;
58.31122051;841.5625531;61.37579188;849.7162101;73.73925605;881.7565387;89.386633;920.5361774;;
58.85632777;845.0676789;61.93197027;853.2251027;74.34005533;885.2829596;90.04391671;924.0893338;;
59.40652069;848.5895894;62.49328834;856.7508966;74.94621085;888.8267215;90.7068284;927.6603336;;
59.96184566;852.1284195;63.05979297;860.2937275;75.55777134;892.3879617;91.37541913;931.2493157;;
60.52234959;855.6843062;63.63153152;863.853732;76.17478604;895.9668211;92.04974048;934.8564239;;
61.0880799;859.2573886;64.20855188;867.4310498;76.79730476;899.5634396;92.72984464;938.4818012;;
61.65908454;862.8478061;64.79090251;871.0258217;77.42537784;903.1779588;93.41578435;942.1255914;;
62.23541199;866.4557007;65.37863235;874.6381888;78.05905621;906.8105241;94.10761297;945.7879428;;
62.8171113;870.0812161;65.97179093;878.2682955;78.69839135;910.4612812;94.80538442;949.4690039;;
63.40423202;873.7244963;66.57042834;881.9162874;79.34343531;914.1303765;95.50915326;953.1689239;;
63.99682429;877.3856886;67.17459519;885.5823109;79.99424075;917.8179593;96.21897464;956.8878549;;
64.59493882;881.0649411;67.78434271;889.2665151;80.65086091;921.5241809;96.93490433;960.6259517;;
65.19862688;884.7624036;68.39972268;892.9690504;81.31334963;925.2491942;97.65699876;964.3833692;;
65.80794033;888.4782279;69.02078747;896.690069;81.98176136;928.9931525;98.38531496;968.1602643;;
66.4229316;892.2125672;69.64759006;900.4297246;82.65615119;932.7562121;99.11991065;971.9567965;;
67.04365375;895.9655767;70.28018402;904.1881726;83.3365748;936.5385312;99.86084419;975.7731264;;
67.67016042;899.7374136;70.91862354;907.9655713;84.02308855;940.3402694;100.6081746;979.609417;;
68.30250588;903.5282366;71.56296343;911.7620796;84.71574941;944.1615883;101.3619616;983.4658336;;
68.94074502;907.3382059;72.21325914;915.5778582;85.41461504;948.0026519;102.1222655;987.3425425;;
69.58493337;911.1674845;72.86956674;919.4130707;86.11974374;951.8636247;102.8891475;991.239712;;
70.23512709;915.0162365;73.53194297;923.2678818;86.83119449;955.7446742;103.6626693;995.1575128;;
70.89138302;918.8846281;74.20044522;927.1424584;87.54902696;959.6459704;104.4428936;999.0961186;;
71.55375862;922.772828;74.87513154;931.0369697;88.27330153;963.5676841;105.2298834;1003.055703;;
72.22231205;926.681006;75.55606068;934.9515858;89.00407925;967.5099887;106.0237028;1007.036442;;
72.89710216;930.6093341;76.24329207;938.8864797;89.74142192;971.4730597;106.8244166;1011.038517;;
73.57818846;934.5579873;76.93688581;942.8418265;90.48539204;975.4570742;107.6320902;1015.062107;;
74.26563119;938.5271413;77.63690276;946.8178035;91.23605287;979.4622127;108.4467898;1019.107395;;
74.95949129;942.5169744;78.34340446;950.8145889;91.9934684;983.4886558;109.2685826;1023.174568;;
75.65983042;946.5276681;79.0564532;954.8323643;92.75770339;987.5365882;110.0975364;1027.263812;;
76.36671099;950.5594039;79.77611199;958.8713134;93.52882336;991.6061958;110.9337199;1031.375318;;
77.08019612;954.612367;80.50244463;962.9316207;94.30689463;995.6976665;111.7772025;1035.509277;;
77.80034974;958.6867452;81.23551563;967.0134752;95.09198429;999.8111922;112.6280544;1039.665885;;
78.52723649;962.7827267;81.97539033;971.1170661;95.88416026;1003.946965;113.486347;1043.845337;;
79.26092183;966.9005037;82.72213482;975.2425859;96.68349126;1008.105179;114.3521521;1048.047833;;
80.00147199;971.0402705;83.475816;979.3902294;97.49004684;1012.286034;115.2255426;1052.273576;;
80.748954;975.2022227;84.23650159;983.5601929;98.30389741;1016.489729;116.1065924;1056.522768;;
81.50343573;979.3865594;85.0042601;987.7526775;99.12511423;1020.716467;116.995376;1060.795616;;
82.26498584;983.5934812;85.77916092;991.9678833;99.9537694;1024.966452;117.8919691;1065.092331;;
83.03367387;987.823192;86.56127426;996.2060152;100.7899359;1029.239892;118.7964481;1069.413122;;
83.80957017;992.0758982;87.3506712;1000.467281;101.6336878;1033.536998;119.7088904;1073.758206;;
84.592746;996.3518076;88.14742369;1004.751888;102.4850996;1037.857982;120.6293744;1078.127797;;
85.38327347;1000.651131;88.95160457;1009.060049;103.3442474;1042.203058;121.5579795;1082.522117;;
86.18122558;1004.974084;89.76328759;1013.39198;104.2112075;1046.572446;122.494786;1086.941389;;
86.98667627;1009.320882;90.5825474;1017.747896;105.0860578;1050.966366;123.4398752;1091.385836;;
87.79970036;1013.691743;91.4094596;1022.128019;105.9688768;1055.385041;124.3933295;1095.855687;;
88.62037362;1018.08689;92.24410071;1026.53257;106.8597441;1059.828698;125.3552323;1100.351174;;
89.4487728;1022.506547;93.08654824;1030.961776;107.7587402;1064.297565;126.3256679;1104.872529;;
90.28497556;1026.950942;93.93688064;1035.415864;108.6659468;1068.791875;127.3047218;1109.41999;;
91.12906059;1031.420305;94.79517738;1039.895065;109.5814463;1073.311863;128.2924806;1113.993796;;
91.98110754;1035.914869;95.66151892;1044.399614;110.5053226;1077.857765;129.289032;1118.59419;;
92.8411971;1040.434871;96.53598675;1048.929748;111.4376603;1082.429825;130.2944647;1123.221418;;
93.70941097;1044.980549;97.4186634;1053.485708;112.3785453;1087.028285;131.3088686;1127.875729;;
94.58583189;1049.552146;98.30963243;1058.067734;113.3280643;1091.653392;132.3323347;1132.557375;;
95.47054368;1054.149906;99.2089785;1062.676076;114.2863055;1096.305397;133.3649553;1137.266613;;
96.36363123;1058.774079;100.1167873;1067.310981;115.2533579;1100.984553;134.4068238;1142.0037;;
97.26518051;1063.424916;101.0331458;1071.972702;116.229312;1105.691117;135.4580347;1146.768898;;
98.17527863;1068.102671;101.9581419;1076.661496;117.214259;1110.42535;136.5186839;1151.562474;;
99.0940138;1072.807603;102.8918647;1081.37762;118.2082918;1115.187513;137.5888685;1156.384695;;
100.0214754;1077.539973;103.8344044;1086.121339;119.211504;1119.977876;138.6686868;1161.235836;;
100.957754;1082.300047;104.7858526;1090.892917;120.2239909;1124.796707;139.7582384;1166.116171;;
101.9029413;1087.088092;105.7463018;1095.692625;121.2458488;1129.644281;140.8576242;1171.02598;;
102.8571303;1091.90438;106.7158461;1100.520735;122.2771752;1134.520875;141.9669466;1175.965547;;
103.820415;1096.749188;107.6945803;1105.377524;123.318069;1139.426771;143.0863091;1180.935159;;
104.7928911;1101.622793;108.6826011;1110.263271;124.3686305;1144.362253;144.2158166;1185.935107;;
105.774655;1106.525478;109.6800059;1115.178262;125.4289612;1149.32761;145.3555757;1190.965684;;
106.7658048;1111.457531;110.6868937;1120.122783;126.4991638;1154.323135;146.505694;1196.027191;;
107.7664398;1116.419241;111.7033649;1125.097127;127.5793429;1159.349123;147.6662808;1201.11993;;
108.7766606;1121.410903;112.729521;1130.101587;128.6696038;1164.405877;148.8374468;1206.244207;;
109.7965691;1126.432814;113.765465;1135.136465;129.7700538;1169.493699;150.0193041;1211.400334;;
110.8262687;1131.485278;114.8113013;1140.202063;130.8808014;1174.612898;151.2119666;1216.588625;;
111.8658642;1136.568599;115.8671358;1145.298689;132.0019566;1179.763787;152.4155494;1221.8094;;
112.9154617;1141.683088;116.9330756;1150.426654;133.1336308;1184.946683;153.6301694;1227.062982;;
113.9751688;1146.82906;118.0092295;1155.586274;134.2759371;1190.161907;154.855945;1232.3497;;
115.0450947;1152.006834;119.0957076;1160.77787;135.4289901;1195.409786;156.0929961;1237.669886;;
116.1253499;1157.216734;120.1926217;1166.001766;136.5929059;1200.690648;157.3414446;1243.023878;;
117.2160466;1162.459085;121.300085;1171.258291;137.7678022;1206.004829;158.6014137;1248.412016;;
118.3172984;1167.73422;122.4182122;1176.547778;138.9537984;1211.352668;159.8730285;1253.834648;;
119.4292206;1173.042478;123.5471199;1181.870566;140.1510155;1216.734509;161.1564158;1259.292125;;
120.5519301;1178.384198;124.6869261;1187.226998;141.3595763;1222.1507;162.4517043;1264.784802;;
121.6855453;1183.759726;125.8377504;1192.61742;142.5796052;1227.601595;163.7590242;1270.313042;;
122.8301863;1189.169415;126.9997142;1198.042186;143.8112283;1233.087553;165.0785077;1275.87721;;
123.9859752;1194.613619;128.1729405;1203.501653;145.0545737;1238.608938;166.410289;1281.477679;;
125.1530353;1200.092699;129.3575542;1208.996183;146.309771;1244.166117;167.754504;1287.114823;;
126.3314921;1205.607022;130.5536819;1214.526144;147.5769519;1249.759465;169.1112905;1292.789025;;
127.5214726;1211.156958;131.7614518;1220.091909;148.8562499;1255.389361;170.4807885;1298.500673;;
128.7231058;1216.742883;132.9809944;1225.693855;150.1478003;1261.056189;171.8631397;1304.25016;;
129.9365225;1222.365181;134.2124415;1231.332366;151.4517405;1266.76034;173.258488;1310.037883;;
131.1618552;1228.024237;135.4559272;1237.007831;152.7682098;1272.50221;174.6669794;1315.864247;;
132.3992385;1233.720444;136.7115875;1242.720644;154.0973494;1278.282199;176.0887619;1321.729663;;
133.648809;1239.454201;137.9795602;1248.471205;155.4393027;1284.100714;177.5239858;1327.634545;;
134.9107052;1245.225912;139.2599851;1254.259921;156.7942152;1289.958169;178.9728033;1333.579317;;
136.1850676;1251.035987;140.5530042;1260.087202;158.1622344;1295.854983;180.4353691;1339.564405;;
137.4720387;1256.884842;141.8587616;1265.953467;159.5435101;1301.791581;181.9118401;1345.590244;;
138.7717632;1262.772899;143.1774033;1271.85914;160.9381941;1307.768394;183.4023754;1351.657276;;
140.084388;1268.700586;144.5090776;1277.804651;162.3464407;1313.78586;184.9071366;1357.765946;;
141.410062;1274.668337;145.8539351;1283.790435;163.7684063;1319.844423;186.4262876;1363.916709;;
142.7489364;1280.676594;147.2121283;1289.816937;165.2042496;1325.944533;187.9599946;1370.110026;;
144.1011647;1286.725804;148.5838123;1295.884606;166.6541318;1332.086648;189.5084266;1376.346364;;
145.4669026;1292.816421;149.9691445;1301.993897;168.1182165;1338.271233;191.071755;1382.626195;;
146.8463083;1298.948906;151.3682844;1308.145273;169.5966696;1344.498757;192.6501535;1388.950004;;
148.2395421;1305.123727;152.7813942;1314.339205;171.0896597;1350.769701;194.2437988;1395.318277;;
149.646767;1311.341359;154.2086384;1320.57617;172.5973578;1357.084548;195.8528701;1401.731512;;
151.0681483;1317.602283;155.6501841;1326.856651;174.1199376;1363.443792;197.4775494;1408.19021;;
152.5038541;1323.906989;157.1062007;1333.18114;175.6575755;1369.847933;199.1180214;1414.694885;;
153.9540547;1330.255974;158.5768606;1339.550136;177.2104504;1376.297478;200.7744737;1421.246053;;
155.4189232;1336.649742;160.0623385;1345.964145;178.778744;1382.792944;202.4470966;1427.844243;;
156.8986355;1343.088805;161.562812;1352.423683;180.3626411;1389.334854;204.1360835;1434.48999;;
158.3933699;1349.573684;163.0784613;1358.92927;181.962329;1395.923739;205.8416309;1441.183835;;
159.9033078;1356.104905;164.6094695;1365.48144;183.577998;1402.56014;207.5639382;1447.926333;;
161.4286333;1362.683006;166.1560226;1372.080727;185.2098415;1409.244604;209.3032078;1454.718041;;
162.9695333;1369.30853;167.7183094;1378.72768;186.8580557;1415.977688;211.0596455;1461.55953;;
164.5261977;1375.982032;169.2965218;1385.422856;188.5228403;1422.759959;212.8334603;1468.451377;;
166.0988196;1382.704071;170.8908545;1392.166817;190.2043976;1429.591988;214.6248644;1475.394169;;
167.6875947;1389.47522;172.5015056;1398.960138;191.9029336;1436.474362;216.4340734;1482.388503;;
169.2927224;1396.296058;174.1286761;1405.803399;193.6186573;1443.407672;218.2613063;1489.434984;;
170.9144047;1403.167173;175.7725703;1412.697193;195.351781;1450.39252;220.1067857;1496.534227;;
172.5528474;1410.089163;177.4333959;1419.642121;197.1025207;1457.429518;221.9707377;1503.686858;;
174.2082591;1417.062637;179.1113636;1426.638793;198.8710956;1464.519287;223.8533921;1510.893511;;
175.8808521;1424.088213;180.806688;1433.68783;200.6577286;1471.662459;225.7549822;1518.154833;;
177.5708421;1431.166516;182.5195868;1440.789861;202.4626461;1478.859676;227.6757455;1525.471478;;
179.2784483;1438.298186;184.2502813;1447.945527;204.2860782;1486.111589;229.615923;1532.844114;;
181.0038933;1445.483869;185.9989966;1455.15548;206.128259;1493.418862;231.5757598;1540.273417;;
182.7474037;1452.724226;187.7659614;1462.42038;207.9894261;1500.782168;233.555505;1547.760077;;
184.5092096;1460.019924;189.5514081;1469.740901;209.8698213;1508.202191;235.5554119;1555.304793;;
186.289545;1467.371645;191.3555731;1477.117726;211.7696902;1515.679628;237.5757377;1562.908276;;
188.0886477;1474.78008;193.1786966;1484.551549;213.6892827;1523.215186;239.6167443;1570.571248;;
189.9067596;1482.245933;195.0210228;1492.043077;215.6288526;1530.809584;241.6786976;1578.294447;;
191.7441266;1489.769919;196.8828003;1499.59303;217.5886583;1538.463553;243.7618683;1586.078618;;
193.6009988;1497.352763;198.7642814;1507.202134;219.5689622;1546.177836;245.8665314;1593.924521;;
195.4776304;1504.995206;200.665723;1514.871136;221.5700314;1553.953191;247.9929667;1601.83293;;
197.37428;1512.698;202.5873863;1522.600789;223.5921375;1561.790386;250.1414586;1609.804631;;
199.2912106;1520.461907;204.529537;1530.391859;225.6355565;1569.690201;252.3122965;1617.840421;;
201.2286898;1528.287709;206.4924452;1538.245133;227.7005695;1577.653432;254.5057747;1625.941113;;
203.1869898;1536.176181;208.4763859;1546.161388;229.7874622;1585.680893;256.7221926;1634.107539;;
205.1663871;1544.128188;210.4816385;1554.141495;231.8965252;1593.773388;258.9618547;1642.340524;;
207.1671638;1552.144319;212.5084878;1562.186042;234.0280542;1601.931814;261.2250708;1650.640979;;
209.1896051;1560.226262;214.5572218;1570.296735;236.1823506;1610.156807;263.5121565;1659.009563;;
211.234008;1568.371678;216.6281405;1578.471184;238.3597189;1618.45003;265.8234311;1667.447953;;
213.3006483;1576.593278;218.7215229;1586.722313;240.5604761;1626.809405;268.1592264;1675.954106;;
215.389906;1584.847884;220.8377514;1595.006167;242.7849191;1635.246829;270.5198544;1684.539884;;
217.5017969;1593.300155;222.9768464;1603.490324;245.0334462;1643.722322;272.9057281;1693.165527;;
219.6377229;1601.342223;225.1402072;1611.556032;247.3061026;1652.388826;275.316912;1701.983273;;
221.793932;1611.23748;227.3241073;1621.507353;249.604281;1660.682193;277.7548008;1710.43161;;
223.985959;1614.572092;229.5440009;1624.778326;251.9243672;1670.703601;280.2158477;1720.602349;;
226.1572937;1642.540868;231.743694;1653.150013;254.2814842;1674.642904;282.7150021;1724.719258;;
228.5206063;1656.674662;234.1348177;1666.77593;256.6207664;1701.604305;285.1981261;1751.63829;;
230.7765666;1623.96061;236.4194085;1634.097508;259.1497475;1716.126393;287.8692827;1765.18198;;
232.9253941;1638.532057;238.5977667;1649.235499;261.5756339;1685.630062;290.4413305;1736.707538;;
235.2676297;1666.624403;240.9690164;1676.98898;263.8992183;1699.70614;292.914577;1751.634602;;
237.5907149;1670.544737;243.3215863;1681.040857;266.4141533;1727.471352;295.5774074;1778.019329;;
239.9521426;1680.994073;245.712709;1691.497603;268.9126384;1731.788265;298.2259466;1782.912982;;
242.3369613;1689.800348;248.1275077;1700.344988;271.450922;1742.447454;300.9154136;1793.632183;;
244.7496649;1699.146826;250.5704609;1709.724083;274.0144197;1751.51719;303.6315242;1802.902561;;
247.189539;1708.452474;253.0408634;1719.06512;276.6075604;1761.116817;306.3786514;1812.66775;;
249.6572761;1717.87378;255.5394101;1728.521588;279.2296816;1770.68234;309.1561728;1822.410687;;
252.1532006;1727.370469;258.0664301;1738.054018;281.8814969;1780.36578;311.9648167;1832.270894;;
254.6777455;1736.954794;260.6223601;1747.674454;284.5633608;1790.128112;314.8049598;1842.212718;;
257.2313244;1746.625019;263.2076182;1757.381226;287.2757346;1799.98132;317.677084;1852.247278;;
259.8143666;1756.383173;265.8226377;1767.176349;290.0190618;1809.923806;320.5816541;1862.373242;;
262.4273075;1766.230307;268.4678585;1777.060888;292.7938014;1819.957629;323.5191511;1872.592636;;
265.0705915;1776.167767;271.1437295;1787.036192;295.6004197;1830.083901;326.4900634;1882.906616;;
267.7446716;1786.19685;273.8507082;1797.103564;298.4393925;1840.30402;329.4948894;1893.316609;;
270.4500096;1796.3189;276.5892611;1807.264354;301.3112046;1850.619343;332.5341374;1903.824;;
273.1870768;1806.535279;279.359864;1817.519933;304.2163509;1861.031268;335.6083254;1914.430222;;
275.9563533;1816.84738;282.163002;1827.871698;307.1553356;1871.541221;338.717982;1925.136728;;
278.7583292;1827.256624;284.99917;1838.321077;310.1286732;1882.150652;341.863646;1935.945006;;
281.5935042;1837.764457;287.8688728;1848.869523;313.1368885;1892.861045;345.0458673;1946.856569;;
284.4623882;1848.372358;290.7726253;1859.518521;316.1805169;1903.673911;348.2652068;1957.872963;;
287.3655013;1859.081832;293.7109528;1870.269585;319.2601044;1914.59079;351.5222366;1968.995765;;
290.3033742;1869.894417;296.6843914;1881.124259;322.3762085;1925.613256;354.8175406;1980.226581;;
293.2765485;1880.811681;299.693488;1892.084118;325.5293977;1936.742914;358.1517144;1991.567054;;
296.2855768;1891.835226;302.738801;1903.150772;328.7202524;1947.981402;361.5253663;2003.018858;;
299.3310233;1902.966685;305.8208999;1914.325862;331.9493649;1959.330392;364.9391166;2014.583703;;
302.4134638;1914.207726;308.9403665;1925.611062;335.2173399;1970.79159;368.3935988;2026.263332;;
305.5334862;1925.56005;312.0977944;1937.008083;338.5247946;1982.366738;371.8894596;2038.059527;;
308.6916905;1937.025395;315.2937897;1948.51867;341.8723591;1994.057613;375.4273592;2049.974106;;
311.8886895;1948.605535;318.5289715;1960.144607;345.260677;2005.866031;379.0079717;2062.008925;;
315.1251092;1960.302283;321.8039717;1971.887712;348.6904054;2017.793846;382.6319855;2074.165879;;
318.4015886;1972.117488;325.119436;1983.749846;352.1622153;2029.842952;386.3001038;2086.446905;;
321.7187804;1984.053039;328.4760236;1995.732906;355.6767922;2042.015281;390.0130447;2098.853979;;
325.0773517;1996.110868;331.8744081;2007.838831;359.2348364;2054.312809;393.7715417;2111.38912;;
328.4779837;2008.292945;335.3152776;2020.069604;362.8370633;2066.737554;397.5763443;2124.054393;;
331.9213726;2020.601286;338.7993353;2032.427247;366.4842039;2079.291578;401.4282184;2136.851905;;
335.4082296;2033.037949;342.3272995;2044.913829;370.177005;2091.976986;405.3279466;2149.78381;;
338.939282;2045.605038;345.8999048;2057.531464;373.9162302;2104.795932;409.2763285;2162.852309;;
342.5152727;2058.304703;349.5179015;2070.282311;377.7026597;2117.750616;413.2741817;2176.059653;;
346.1369615;2071.139141;353.182057;2083.16858;381.5370912;2130.843288;417.3223418;2189.40814;;
349.8051249;2084.1106;356.8931556;2096.192527;385.4203402;2144.076246;421.4216632;2202.900122;;
353.5205572;2097.221377;360.6519995;2109.35646;389.3532404;2157.451841;425.5730195;2216.538003;;
357.2840703;2110.473821;364.4594088;2122.66274;393.3366448;2170.972477;429.7773039;2230.324241;;
361.0964949;2123.870335;368.3162225;2136.113781;397.3714253;2184.640614;434.0354303;2244.26135;;
364.9586806;2137.413376;372.2232985;2149.71205;401.458474;2198.458765;438.348333;2258.351901;;
368.8714964;2151.105457;376.1815148;2163.460075;405.5987035;2212.429503;442.7169683;2272.598524;;
372.8358315;2164.949149;380.1917693;2177.360437;409.7930476;2226.555459;447.1423143;2287.003911;;
376.8525961;2178.947086;384.2549813;2191.415782;414.0424617;2240.839327;451.625372;2301.570815;;
380.9227212;2193.101959;388.3720913;2205.628813;418.3479236;2255.283862;456.1671659;2316.302053;;
385.04716;2207.416524;392.5440619;2220.002302;422.7104343;2269.891885;460.7687443;2331.200511;;
389.2268884;2221.893603;396.7718787;2234.539082;427.1310182;2284.666284;465.4311808;2346.269141;;
393.4629053;2236.536084;401.0565507;2249.242055;431.6107244;2299.610013;470.1555744;2361.510964;;
397.7562338;2251.346925;405.3991112;2264.114192;436.1506269;2314.7261;474.9430502;2376.929077;;
402.1079214;2266.329154;409.8006182;2279.158537;440.751826;2330.017644;479.7947608;2392.526648;;
406.5190412;2281.485872;414.2621555;2294.378205;445.4154482;2345.48782;484.7118866;2408.306922;;
410.9906925;2296.820258;418.7848334;2309.77639;450.1426479;2361.139878;489.6956368;2424.273227;;
415.5240016;2312.335568;423.3697894;2325.356362;454.9346076;2376.977152;494.7472504;2440.428969;;
420.1201225;2328.035135;428.0181892;2341.121471;459.7925391;2393.003055;499.8679968;2456.777636;;
424.780238;2343.92238;432.7312274;2357.075154;464.7176845;2409.221084;505.0591772;2473.322809;;
429.5055605;2360.000805;437.5101285;2373.22093;469.7113167;2425.634827;510.3221253;2490.068153;;
434.297333;2376.274003;442.3561478;2389.562406;474.7747407;2442.247958;515.6582083;2507.017427;;
439.1568297;2392.745656;447.2705725;2406.103285;479.9092949;2459.064247;521.0688282;2524.174485;;
444.0853577;2409.41954;452.2547226;2422.84736;485.1163513;2476.087558;526.5554224;2541.543279;;
449.0842573;2426.299529;457.3099519;2439.798521;490.3973176;2493.321855;532.1194656;2559.127863;;
454.1549037;2443.389595;462.4376492;2456.960762;495.7536374;2510.771205;537.7624704;2576.932395;;
459.2987075;2460.693815;467.6392394;2474.338176;501.1867922;2528.439779;543.4859886;2594.961139;;
464.5171166;2478.216371;472.9161847;2491.934967;506.6983021;2546.331857;549.2916128;2613.218474;;
469.8116166;2495.961555;478.2699857;2509.755446;512.2897272;2564.451833;555.1809774;2631.708892;;
475.1837329;2513.933774;483.702183;2527.804041;517.962669;2582.804215;561.1557602;2650.437003;;
480.6350314;2532.13755;489.2143582;2546.085296;523.7187718;2601.393632;567.2176838;2669.407542;;
486.1671199;2550.577529;494.8081353;2564.603878;529.5597238;2620.22484;573.368517;2688.62537;;
491.7816501;2569.258481;500.4851822;2583.36458;535.4872593;2639.30272;579.6100765;2708.095479;;
497.4803183;2588.185304;506.2472124;2602.372323;541.5031595;2658.632285;585.9442283;2727.822998;;
503.2648675;2607.363034;512.0959863;2621.632167;547.6092545;2678.218689;592.3728897;2747.813194;;
509.1370887;2626.796844;518.0333128;2641.149308;553.8074249;2698.067226;598.898031;2768.071482;;
515.0988228;2646.492048;524.0610512;2660.929087;560.0996036;2718.183335;605.5216771;2788.603425;;
521.1519621;2666.454112;530.1811127;2680.976995;566.4877777;2738.572611;612.2459097;2809.414743;;
527.2984523;2686.688655;536.3954626;2701.298678;572.97399;2759.240804;619.072869;2830.511317;;
533.5402943;2707.201455;542.7061217;2721.899939;579.5603416;2780.193827;626.0047561;2851.899193;;
539.8795463;2727.998454;549.1151687;2742.786751;586.2489936;2801.437763;633.043835;2873.584591;;
546.3183256;2749.085766;555.6247423;2763.965256;593.0421692;2822.978869;640.1924349;2895.573911;;
552.858811;2770.469682;562.2370429;2785.441774;599.9421562;2844.823582;647.4529524;2917.873737;;
559.503245;2792.156677;568.9543355;2807.22281;606.9513091;2866.978531;654.8278542;2940.490844;;
566.2539359;2814.153415;575.7789515;2829.315061;614.0720517;2889.450536;662.3196797;2963.432209;;
573.1132606;2836.466757;582.7132916;2851.725421;621.3068799;2912.246619;669.9310435;2986.705012;;
580.083667;2859.103772;589.759828;2874.460989;628.6583638;2935.374014;677.6646382;3010.316652;;
587.1676764;2882.071738;596.9211075;2897.52908;636.1291511;2958.840172;685.5232374;3034.274745;;
594.367887;2905.378154;604.1997541;2920.937228;643.7219695;2982.652766;693.509699;3058.587142;;
601.6869758;2929.030749;611.5984717;2944.693199;651.4396302;3006.819708;701.626968;3083.261932;;
609.1277027;2953.037489;619.1200476;2968.804995;659.285031;3031.34915;709.8780801;3108.307451;;
616.6929129;2977.406587;626.7673557;2993.28087;667.2611595;3056.249498;718.2661653;3133.732297;;
624.3855408;3002.146512;634.5433595;3018.129331;675.3710966;3081.529421;726.7944512;3159.545334;;
632.208613;3027.266001;642.451116;3043.359157;683.6180204;3107.197861;735.4662672;3185.755706;;
640.1652523;3052.774067;650.4937793;3068.979404;692.00521;3133.264042;744.2850486;3212.372846;;
648.2586816;3078.680011;658.6746045;3094.999416;700.5360493;3159.737483;753.2543405;3239.406491;;
656.4922277;3104.993435;666.9969516;3121.428841;709.2140314;3186.628014;762.3778024;3266.866689;;
664.8693256;3131.724252;675.46429;3148.277639;718.0427632;3213.945779;771.6592128;3294.763818;;
673.3935231;3158.882701;684.0802029;3175.556098;727.0259697;3241.701258;781.1024744;3323.108592;;
682.068485;3186.479359;692.8483919;3203.274843;736.1674994;3269.905276;790.7116187;3351.912084;;
690.8979987;3214.525155;701.7726822;3231.444856;745.4713287;3298.56902;800.4908116;3381.185732;;
699.8859788;3243.031385;710.8570275;3260.077486;754.941568;3327.704051;810.4443592;3410.94136;;
709.0364724;3272.009728;720.1055155;3289.184468;764.582467;3357.322323;820.5767137;3441.191192;;
718.3536654;3301.472263;729.5223739;3318.777938;774.3984206;3387.436198;830.8924793;3471.947871;;
727.8418879;3331.431485;739.111976;3348.870448;784.3939756;3418.058465;841.3964191;3503.224475;;
737.5056205;3361.900323;748.8788473;3379.474991;794.5738368;3449.202358;852.0934621;3535.034537;;
747.3495013;3392.892159;758.8276724;3410.60501;804.9428739;3480.881572;862.9887101;3567.392064;;
757.3783325;3424.42085;768.9633013;3442.274429;815.5061295;3513.110291;874.0874456;3600.31156;;
767.5970879;3456.500747;779.2907578;3474.497666;826.268826;3545.903203;885.3951399;3633.808046;;
778.0109206;3489.146718;789.8152463;3507.289659;837.2363742;3579.275525;896.9174612;3667.897084;;
788.625171;3522.374172;800.5421607;3540.665891;848.4143815;3613.243028;908.6602842;3702.594802;;
799.4453756;3556.199081;811.477093;3574.64241;859.8086614;3647.822063;920.6296992;3737.917921;;
810.4772762;3590.638013;822.6258421;3609.235859;871.4252425;3683.029584;932.8320219;3773.88378;;
821.726829;3625.708151;833.9944241;3644.463507;883.2703791;3718.883179;945.2738043;3810.510365;;
833.200215;3661.427329;845.5890817;3680.343268;895.3505613;3755.401102;957.9618457;3847.816344;;
844.9038511;3697.814059;857.4162958;3716.893744;907.6725266;3792.602299;970.9032046;3885.821092;;
856.8444005;3734.887564;869.4827965;3754.134249;920.2432717;3830.506447;984.1052106;3924.544732;;
869.0287858;3772.667816;881.7955755;3792.084849;933.0700651;3869.133987;997.5754785;3964.008167;;
881.4642006;3811.175568;894.3618983;3830.766395;946.1604602;3908.506161;1011.321922;4004.233121;;
894.1581238;3850.432397;907.1893187;3870.200565;959.5223099;3948.645051;1025.352766;4045.242178;;
907.1183334;3890.46074;920.2856924;3910.409904;973.163781;3989.573623;1039.676569;4087.058823;;
920.3529216;3931.283943;933.6591926;3951.417867;987.0933706;4031.315774;1054.302231;4129.707494;;
933.8703112;3972.926304;947.3183263;3993.248868;1001.319922;4073.896371;1069.239016;4173.213623;;
947.6792721;4015.413123;961.2719511;4035.928326;1015.852645;4117.34131;1084.496574;4217.603692;;
961.7889399;4058.770754;975.5292939;4079.482721;1030.70113;4161.677566;1100.084951;4262.905288;;
976.2088348;4103.026661;990.0999702;4123.939645;1045.875375;4206.933249;1116.014622;4309.147156;;
990.9488823;4148.209478;1004.994005;4169.327868;1061.385801;4253.137665;1132.296503;4356.359269;;
1006.019435;4194.349068;1020.221853;4215.677395;1077.243279;4300.32138;1148.941982;4404.572884;;
1021.431294;4241.476594;1035.794426;4263.019536;1093.459149;4348.516291;1165.962943;4453.820622;;
1037.195739;4289.624588;1051.723114;4311.386977;1110.045255;4397.755696;1183.37179;4504.136534;;
1053.324547;4338.827031;1068.019814;4360.81386;1127.013964;4448.074373;1201.18148;4555.556189;;
1069.830027;4389.119428;1084.696956;4411.335856;1144.378199;4499.508665;1219.405552;4608.11675;;
1086.725047;4440.538899;1101.767536;4462.990264;1162.151472;4552.096563;1238.058161;4661.857073;;
1104.023065;4493.124271;1119.24515;4515.816093;1180.347914;4605.87781;1257.154112;4716.8178;;
1121.738168;4546.916178;1137.144024;4569.854169;1198.982316;4660.893995;1276.708899;4773.041462;;
1139.885104;4601.957166;1155.479052;4625.147239;1218.070164;4717.188665;1296.738745;4830.572593;;
1158.479323;4658.291809;1174.265841;4681.740089;1237.627681;4774.807441;1317.260647;4889.457851;;
1177.537021;4715.966819;1193.520749;4739.679652;1257.671872;4833.798138;1338.292419;4949.746131;;
1197.075184;4775.031223;1213.260929;4799.015185;1278.220572;4894.210933;1359.852746;5011.488748;;
1217.111637;4835.536348;1233.504387;4859.798262;1299.292497;4956.098367;1381.961235;5074.739442;;
1237.665093;4897.536524;1254.270022;4922.083462;1320.907297;5019.516025;1404.638471;5139.555033;;
1258.755223;4961.087236;1275.577702;4985.926553;1343.085625;5084.520785;1427.906092;5205.993768;;
1280.402675;5026.252691;1297.44828;5051.391979;1365.849164;5151.178046;1451.786812;5274.122238;;
1302.629286;5093.07877;1319.903813;5118.526079;1389.220836;5219.53594;1476.304641;5343.990744;;
1325.457599;5161.69364;1342.967074;5187.456743;1413.224336;5289.721336;1501.484425;5415.725055;;
1348.913027;5231.93783;1366.663709;5258.027;1437.886255;5361.586908;1527.353933;5489.189158;;
1373.016128;5304.728775;1391.014554;5331.146634;1463.228525;5436.013109;1553.936469;5565.229476;;
1397.811849;5377.033019;1416.064744;5403.81202;1489.297047;5510.110898;1581.278902;5641.090403;;
1423.260723;5460.390579;1441.775387;5487.455129;1516.055207;5594.897414;1609.347419;5727.306419;;
1449.645805;5540.69543;1468.428749;5568.104552;1543.782192;5676.918235;1638.417523;5811.024845;;
1476.641368;5606.407004;1495.700955;5634.330292;1572.161422;5745.168024;1668.181523;5881.734831;;
1504.280756;5691.428396;1523.625683;5719.716094;1601.227914;5832.004259;1698.676112;5970.36673;;
1532.957178;5783.52861;1552.594958;5812.148018;1631.36907;5925.762539;1730.283139;6065.779393;;
1562.454364;5869.622988;1582.393976;5898.666765;1662.37587;6013.965055;1762.800653;6156.055639;;
1592.880173;5960.611998;1613.130702;5990.071343;1694.356721;6107.021261;1796.337656;6251.151636;;
1624.258577;6053.76812;1644.829608;6083.661737;1727.338092;6202.336838;1830.923105;6348.596263;;
1656.639348;6149.973641;1677.540894;6180.313735;1761.371897;6300.762699;1866.611054;6449.211645;;
1690.068894;6249.167427;1711.311452;6279.96873;1796.506956;6402.250037;1903.452739;6552.960568;;
1724.598368;6351.548571;1746.19294;6382.826017;1832.796956;6506.998998;1941.504378;6660.044362;;
1760.281809;6457.259417;1782.239938;6489.028808;1870.298643;6615.156237;1980.825427;6770.613893;;
1797.176981;6566.47025;1819.51079;6598.748141;1909.07267;6726.895793;2021.479424;6884.846914;;
1835.345536;6679.358031;1858.067761;6712.161832;1949.183769;6842.398861;2063.534185;7002.92879;;
1874.853382;6796.113223;1897.977421;6829.46124;1990.701145;6961.86037;2107.06221;7125.058853;;
1915.771051;6916.939322;1939.311007;6950.850826;2033.698857;7085.48861;2152.141085;7251.450123;;
1958.174117;7042.054461;1982.144847;7076.549753;2078.256256;7213.506849;2198.853939;7382.330928;;
2002.143645;7171.692622;2026.560818;7206.793114;2124.458463;7346.154577;2247.289946;7517.946191;;
2047.766708;7306.10514;2072.646865;7341.833433;2172.396903;7483.689047;2297.544886;7658.558997;;
2095.136951;7445.562333;2120.497567;7481.942306;2222.169903;7626.386938;2349.721768;7804.452302;;
2144.355221;7590.355328;2170.21478;7627.41224;2273.883353;7774.546233;2403.931524;7955.930844;;
2195.530275;7740.798107;2221.90835;7778.558702;2327.651448;7928.488304;2460.293786;8113.323283;;
2248.779572;7897.229789;2275.696909;7935.722418;2383.597519;8088.560256;2518.93776;8276.984596;;
2304.230158;8060.017205;2331.708774;8099.271955;2441.854965;8255.137553;2580.003196;8447.298763;;
2362.019666;8229.557784;2390.082955;8269.606623;2502.568301;8428.62698;2643.641492;8624.681793;;
2422.297445;8406.28281;2450.970294;8447.159748;2565.894343;8609.469976;2710.01693;8809.585135;;
2485.225828;8590.661109;2514.534747;8632.402376;2632.003542;8798.146403;2779.308078;9002.499534;;
2550.98158;8783.203226;2580.954847;8825.847468;2701.081499;8995.178826;2851.709376;9203.959405;;
2619.757534;8984.46617;2650.425355;9028.054672;2773.330692;9201.137368;2927.432942;9414.5478;;
2691.764463;9195.058826;2723.159152;9239.635753;2848.972429;9416.645246;3006.710626;9634.902072;;
2767.233212;9415.648138;2799.389392;9461.260815;2928.2491;9642.385107;3089.796357;9865.720347;;
2846.417148;9646.9662;2879.371975;9693.665416;3011.426739;9879.106282;3176.96884;10107.76895;;
2929.594975;9889.818416;2963.388393;9937.658774;3098.797987;10127.63313;3268.53465;10361.89094;;
3017.073983;10145.09291;3051.749007;10194.13322;3190.685496;10388.8747;3364.831804;10629.01597;;
3109.193806;10413.77144;3144.796849;10464.07515;3287.445885;10663.83585;3466.233901;10910.1717;;
3206.330797;10696.94205;3242.912036;10748.57778;3389.474322;10953.63024;3573.154931;11206.49705;;
3308.903126;10995.81391;3346.516918;11048.85598;3497.209888;11259.49552;3686.05488;11519.25772;;
3417.376753;11311.73457;3456.082116;11366.26371;3611.14184;11582.81096;3805.446304;11849.86429;;
3532.272456;11646.21062;3572.133615;11702.31466;3731.816995;11925.11862;3931.902061;12199.89375;;
3654.174145;12000.93092;3695.261165;12058.70571;3859.848459;12288.14714;4066.064451;12571.11402;;
3783.738688;12377.79847;3826.128201;12437.34885;3995.925945;12673.84422;4208.656032;12965.51681;;
3921.707835;12778.95305;3965.483892;12840.39407;4140.828284;13084.40048;4360.492718;13385.34289;;
4068.921762;13206.85434;4114.17682;13270.31235;4295.437689;13522.33175;4522.498753;13833.16351;;
4226.338315;13664.1794;4273.17439;13729.79473;4460.759798;13990.38452;4695.727575;14311.79336;;
4395.04552;14154.43267;4443.57558;14222.3575;4637.937403;14492.12259;4881.376734;14824.85571;;
4576.317482;14680.03663;4626.666965;14750.45169;4828.306958;15030.1089;5080.845049;15375.0486;;
4771.531245;15249.56649;4823.840375;15322.63168;5033.31942;15612.82035;5295.657339;15970.76405;;
4982.63235;15862.42876;5037.05701;15938.37783;5254.998698;16240.02412;5527.916069;16612.10983;;
5211.205659;16520.32746;5267.922938;16599.45833;5495.035584;16913.73856;5779.417695;17301.40329;;
5459.551763;17242.16869;5518.76176;17324.69718;5755.845704;17652.47616;6052.692876;18056.80233;;
5730.765102;18031.17352;5792.693491;18117.39627;6040.651493;18459.85426;6351.092313;18882.30214;;
6027.816235;18892.32081;6092.722203;18982.62041;6352.590994;19341.27383;6677.92134;19783.70777;;
6354.660797;19840.58445;6422.842064;19935.36291;6695.812536;20311.80972;7037.521033;20776.20357;;
6715.981525;20888.72601;6787.782916;20988.45899;7075.234359;21384.58853;7435.045121;21873.2735;;
7117.530282;22053.75063;7193.354064;22158.99096;7496.895553;22576.99948;7876.819924;23092.68606;;
7566.404509;23356.33537;7646.723946;23467.73468;7968.248533;23910.21087;8370.652829;24456.0937;;
8071.478044;24822.45887;8156.855132;24940.79164;8498.610805;25410.81217;8926.305011;25990.68812;;
8643.990247;26485.07025;8735.099378;26611.26717;9099.783702;27112.52924;9556.139779;27730.96089;;
9298.392061;28386.62035;9396.05214;28521.81304;9786.940744;29058.81211;10276.05322;29721.34714;;
10053.57873;30582.82462;10158.7976;30728.40939;10579.92185;31306.69217;11106.82994;32020.17534;;
10934.74916;33148.04553;11048.78673;33305.76894;11505.18624;33932.27376;12076.18947;34705.26737;;
11976.24076;36184.73603;12100.70003;36356.83781;12598.78685;37040.46115;13221.90028;37883.94223;;
13226.20905;39834.99097;13363.17562;40024.35903;13911.29212;40776.57449;14596.94367;41704.70472;;
14753.87835;44316.49177;14906.12621;44527.08047;15515.36839;45363.5937;16277.42822;46395.74848;;
16664.92591;49907.43151;16836.29123;50144.52343;17522.00373;51086.31794;18379.65253;52248.38843;;
19115.94841;57237.16176;19311.83339;57508.9955;20095.62496;58588.78706;21075.87356;59921.12265;;
22406.25815;66765.69705;22635.05236;67082.63263;23550.48138;68341.60013;24695.27788;69895.0634;;
26927.33418;81311.83262;27201.34698;81697.94763;28297.65082;83231.60712;29668.54187;85123.81082;;
34024.89767;100420.5396;34369.89058;100896.8123;35750.1154;102788.7751;37475.90886;105123.4358;;
44595.94889;143262.365;45046.66022;143944.1103;46849.75917;146651.2331;49104.14632;149989.7252;;
70465.30925;212081.986;71174.72115;213088.3073;74012.62286;217085.4087;77560.51455;222016.9585;;
123758.9408;257074.913;125001.2787;258264.8668;129970.8853;263003.9008;136183.4101;268875.3792;;
